"New ID","Started Date","Assessment End Date"
13676,10/07/2014,10/13/2014
19099,05/30/2014,07/11/2014
37647,09/23/2014,11/10/2014
44707,05/01/2014,06/05/2014
122333,02/04/2015,02/10/2015
129650,11/13/2014,01/13/2015
202836,10/20/2014,12/07/2014
257260,03/18/2015,03/30/2015
280937,12/17/2013,04/09/2014
306939,02/10/2015,03/24/2015
448779,06/09/2014,07/07/2014
470396,08/13/2014,09/19/2014
486249,05/29/2014,06/13/2014
516306,11/25/2014,01/26/2015
658379,08/27/2014,08/28/2014
658379,06/03/2014,06/25/2014
771297,02/18/2014,04/22/2014
784527,04/24/2014,04/30/2014
826184,07/17/2014,08/01/2014
834679,08/19/2014,09/26/2014
843257,11/04/2014,01/06/2015
844092,11/04/2014,12/08/2014
857675,02/18/2015,
903259,06/02/2014,07/21/2014
929524,03/25/2014,04/02/2014
931546,05/22/2014,05/23/2014
966379,09/02/2014,09/26/2014
1024607,05/21/2014,06/18/2014
1031530,03/19/2014,05/01/2014
1059786,09/22/2014,12/03/2014
1084328,03/15/2014,05/02/2014
1162698,08/08/2014,09/05/2014
1165313,10/27/2014,01/13/2015
1195311,09/17/2014,09/23/2014
1195551,01/15/2015,01/19/2015
1238333,05/02/2014,06/09/2014
1249343,09/09/2014,02/04/2015
1271432,07/31/2014,09/14/2014
1282946,12/04/2014,12/04/2014
1381623,09/25/2014,10/16/2014
1428926,10/24/2014,12/03/2014
1468726,02/11/2015,03/24/2015
1469669,11/17/2014,02/06/2015
1481084,07/07/2014,08/14/2014
1491332,10/24/2014,11/17/2014
1608407,10/27/2014,11/28/2014
1628455,03/04/2015,
1663232,05/13/2014,06/05/2014
1663232,10/03/2014,10/13/2014
1669855,03/04/2015,
1684849,10/16/2014,01/14/2015
1712920,02/20/2014,04/29/2014
1744440,12/08/2014,03/04/2015
1744440,12/30/2013,04/16/2014
1799668,07/04/2014,08/18/2014
1799880,10/29/2014,12/02/2014
1839641,02/25/2015,03/09/2015
1897075,01/03/2014,04/09/2014
1899724,01/16/2015,01/19/2015
1928270,05/14/2014,07/03/2014
1947472,01/22/2014,04/29/2014
2017535,03/19/2015,03/19/2015
2174557,06/03/2014,06/18/2014
2215762,03/04/2015,
2233057,07/08/2014,07/14/2014
2276531,07/30/2014,09/18/2014
2291739,03/13/2015,03/12/2015
2302805,02/23/2015,02/24/2015
2385607,05/07/2014,05/28/2014
2385607,02/26/2014,04/14/2014
2395285,05/01/2014,06/02/2014
2421443,10/17/2014,11/27/2014
2499643,07/01/2014,07/07/2014
2507535,03/31/2014,04/01/2014
2515238,12/16/2014,02/11/2015
2556344,07/28/2014,08/22/2014
2556344,06/23/2014,07/22/2014
2593301,02/24/2014,04/10/2014
2593301,02/26/2014,04/14/2014
2607590,06/12/2014,06/23/2014
2762164,05/19/2014,05/21/2014
2788208,03/30/2015,03/30/2015
2810903,02/27/2014,04/23/2014
2810903,07/16/2014,08/08/2014
2820406,12/29/2014,02/06/2015
2820406,04/04/2014,05/08/2014
2823639,01/03/2014,04/09/2014
2846921,05/12/2014,05/20/2014
2858418,03/09/2015,03/23/2015
2865141,03/19/2014,04/03/2014
2866581,10/06/2014,11/17/2014
2884207,11/26/2014,11/30/2014
2904644,01/14/2015,02/12/2015
2915796,07/04/2014,08/13/2014
3038814,09/22/2014,12/03/2014
3123786,01/22/2015,01/26/2015
3132531,03/26/2015,03/26/2015
3258932,03/04/2015,
3274948,07/17/2014,09/04/2014
3306188,07/25/2014,07/25/2014
3341696,05/19/2014,07/02/2014
3341696,09/08/2014,10/16/2014
3397958,06/03/2014,07/24/2014
3473771,11/21/2014,01/23/2015
3498521,05/09/2014,06/26/2014
3532856,03/26/2015,03/26/2015
3596755,10/28/2014,11/03/2014
3619856,06/26/2014,07/08/2014
3684416,10/07/2014,11/25/2014
3698984,12/01/2014,01/22/2015
3788039,10/22/2014,11/10/2014
3871802,10/06/2014,10/17/2014
3877352,09/23/2014,09/23/2014
3907462,03/17/2014,09/25/2014
3907462,01/21/2015,02/13/2015
3938653,11/06/2014,12/30/2014
4067884,01/18/2015,01/21/2015
4070272,03/19/2014,04/08/2014
4087414,10/16/2014,10/28/2014
4120313,05/30/2014,07/11/2014
4129489,04/07/2014,05/27/2014
4133586,10/31/2014,12/09/2014
4165640,10/07/2014,10/09/2014
4168257,11/24/2014,01/07/2015
4223486,11/04/2014,01/23/2015
4281855,05/01/2014,06/05/2014
4319964,01/28/2014,06/25/2014
4371117,03/04/2014,04/07/2014
4419890,02/16/2015,03/02/2015
4439531,10/23/2014,12/01/2014
4441865,10/06/2014,11/13/2014
4491608,03/26/2014,04/22/2014
4516937,03/08/2015,03/10/2015
4516937,04/16/2014,02/16/2015
4545143,11/04/2014,11/26/2014
4608503,01/13/2015,01/14/2015
4610272,08/12/2014,08/22/2014
4646521,03/25/2014,12/01/2014
4789893,03/17/2015,
4806846,03/10/2015,03/09/2015
4806846,03/10/2015,04/16/2014
4818357,09/26/2014,11/26/2014
4818357,05/02/2014,06/23/2014
4986107,03/10/2015,03/06/2015
5064984,11/10/2014,11/12/2014
5089428,10/09/2014,10/29/2014
5116886,06/19/2014,07/22/2014
5149303,06/10/2014,07/28/2014
5242459,02/27/2015,
5297508,05/21/2014,05/30/2014
5312338,09/05/2014,10/15/2014
5388222,03/23/2015,03/19/2015
5473634,10/17/2014,10/23/2014
5473634,02/05/2015,02/06/2015
5482855,05/27/2014,06/23/2014
5504939,03/31/2014,05/19/2014
5551597,02/23/2014,08/29/2014
5584383,10/07/2014,11/11/2014
5588260,07/16/2014,08/27/2014
5602167,02/05/2015,02/10/2015
5602167,06/19/2014,06/27/2014
5890785,03/09/2015,03/09/2015
5913133,05/29/2014,06/16/2014
5913779,11/17/2014,01/23/2015
5922293,04/15/2014,05/12/2014
5986171,10/22/2014,10/29/2014
6035593,03/04/2015,
6057441,08/15/2014,09/01/2014
6125269,08/13/2014,09/19/2014
6135592,05/01/2014,05/16/2014
6181073,05/23/2014,06/11/2014
6313557,04/16/2014,04/24/2014
6342214,09/17/2014,10/09/2014
6477844,10/02/2014,10/28/2014
6497765,03/02/2015,
6497765,08/22/2014,09/05/2014
6546612,03/18/2015,
6562670,02/16/2015,02/24/2015
6599576,06/09/2014,07/24/2014
6623509,03/15/2014,04/25/2014
6623509,12/14/2014,12/15/2014
6625063,04/11/2014,04/16/2014
6661752,08/22/2014,09/05/2014
6670925,12/05/2014,12/26/2014
6691549,03/31/2014,04/09/2014
6693974,10/27/2014,01/13/2015
6764477,07/04/2014,08/29/2014
6774942,03/19/2015,
6788053,07/01/2014,07/29/2014
6791090,01/14/2015,02/25/2015
6838440,11/05/2014,11/30/2014
6877919,03/19/2015,03/19/2015
6931674,02/25/2014,04/14/2014
6934109,02/05/2015,02/06/2015
6934109,10/17/2014,10/23/2014
6941811,05/29/2014,06/12/2014
6969237,10/27/2014,10/29/2014
6976030,10/27/2014,11/19/2014
7025983,08/08/2014,08/11/2014
7076196,02/19/2015,02/24/2015
7076196,02/17/2015,02/18/2015
7076196,10/29/2014,11/03/2014
7076196,04/30/2014,06/02/2014
7220170,01/06/2015,01/13/2015
7256141,03/31/2014,04/16/2014
7258712,07/09/2014,09/04/2014
7290968,01/30/2015,02/20/2015
7312338,01/09/2015,02/10/2015
7312338,03/18/2015,02/10/2015
7317975,06/06/2014,06/27/2014
7342318,01/19/2015,01/20/2015
7347621,10/07/2014,10/27/2014
7395101,07/07/2014,07/22/2014
7410721,02/05/2015,03/18/2015
7451037,11/19/2014,12/19/2014
7477135,03/26/2014,04/14/2014
7480727,12/02/2014,12/17/2014
7502185,07/28/2014,08/07/2014
7512870,06/03/2014,06/04/2014
7515320,06/13/2014,06/19/2014
7515320,06/13/2014,01/14/2015
7531226,01/08/2014,04/09/2014
7586328,04/01/2014,05/13/2014
7601903,07/28/2014,09/11/2014
7604612,07/01/2014,08/13/2014
7653333,01/05/2015,01/23/2015
7653333,08/21/2014,09/19/2014
7688591,10/24/2014,11/06/2014
7719282,10/23/2014,11/14/2014
7736556,03/25/2015,
7740389,09/11/2014,09/22/2014
7869649,07/04/2014,08/20/2014
7942769,10/22/2014,11/28/2014
8049669,03/18/2015,03/18/2015
8156199,01/09/2015,01/21/2015
8205742,10/06/2014,11/27/2014
8266833,07/31/2014,09/15/2014
8272869,09/22/2014,10/13/2014
8391844,11/04/2014,11/11/2014
8411800,01/20/2015,02/12/2015
8472813,01/27/2015,02/18/2015
8483271,02/18/2014,04/07/2014
8590373,08/07/2014,08/08/2014
8590373,03/03/2014,04/28/2014
8591961,04/28/2014,04/28/2014
8651169,02/19/2015,02/20/2015
8708604,11/20/2014,11/28/2014
8788629,12/29/2014,01/13/2015
8850745,05/01/2014,06/01/2014
8975852,05/12/2014,05/14/2014
8985622,01/20/2015,01/22/2015
8987039,03/31/2014,05/12/2014
9062368,07/24/2014,07/31/2014
9083227,11/25/2014,11/28/2014
9105180,10/20/2014,11/11/2014
9135940,01/29/2015,02/05/2015
9158003,05/01/2014,06/10/2014
9205555,11/18/2014,12/08/2014
9300643,07/02/2014,10/24/2014
9353620,06/26/2014,09/02/2014
9356615,03/31/2014,05/02/2014
9367069,06/13/2014,07/15/2014
9387121,03/31/2015,
9405498,02/24/2015,
9423763,01/22/2015,01/22/2015
9428322,08/10/2014,08/11/2014
9440199,11/24/2014,02/05/2015
9448897,06/06/2014,07/24/2014
9476624,03/25/2015,
9481103,01/21/2015,01/25/2015
9621927,01/09/2015,02/27/2015
9666398,09/26/2014,11/11/2014
9684708,07/31/2014,09/23/2014
9696600,05/01/2014,05/16/2014
9705010,06/16/2014,07/18/2014
9737297,11/18/2013,04/03/2014
9758972,12/01/2014,12/11/2014
9800437,07/31/2014,09/02/2014
9805317,01/15/2015,03/04/2015
9805317,05/14/2014,07/15/2014
9822361,09/11/2014,11/03/2014
9828099,07/10/2014,07/17/2014
9836708,02/25/2014,04/23/2014
9837529,07/02/2014,08/18/2014
9858509,01/13/2015,01/15/2015
9989814,03/26/2015,03/26/2015
10044295,06/24/2014,07/28/2014
10150979,02/16/2015,02/20/2015
10190707,01/13/2015,01/15/2015
10194473,12/15/2014,12/19/2014
10195057,02/14/2014,04/15/2014
10225368,06/03/2014,07/18/2014
10270666,05/09/2014,06/04/2014
10296948,08/11/2014,09/23/2014
10312759,01/29/2014,04/07/2014
10472432,10/29/2014,11/14/2014
10494410,03/26/2014,05/21/2014
10716598,07/10/2014,09/10/2014
10717065,01/27/2015,02/18/2015
10800611,03/24/2015,03/24/2015
10884803,05/08/2014,05/09/2014
10903667,06/13/2014,06/26/2014
10935547,10/01/2013,04/10/2014
10990482,01/20/2015,01/20/2015
11068787,06/16/2014,07/03/2014
11114314,02/07/2014,04/16/2014
11127694,12/29/2014,01/13/2015
11164415,03/28/2014,05/09/2014
11289498,04/01/2014,05/23/2014
11303538,08/15/2014,09/09/2014
11311318,04/02/2014,05/29/2014
11311318,11/06/2014,11/11/2014
11327563,05/21/2014,05/28/2014
11332295,03/19/2015,
11351306,07/30/2014,10/05/2014
11421447,12/12/2014,12/17/2014
11494296,02/28/2014,04/01/2014
11500582,10/07/2014,10/22/2014
11571307,03/26/2015,03/30/2015
11591401,07/02/2014,09/18/2014
11618555,10/14/2014,11/12/2014
11676702,05/01/2014,06/12/2014
11677829,10/03/2014,10/13/2014
11677829,05/13/2014,05/29/2014
11741616,02/23/2015,03/30/2015
11798951,08/07/2014,08/08/2014
11883301,10/01/2014,11/29/2014
11910948,03/24/2014,05/27/2014
11990248,12/12/2014,12/15/2014
12017851,07/04/2014,08/14/2014
12038744,01/19/2015,03/09/2015
12039999,07/30/2014,09/11/2014
12082947,02/06/2015,02/12/2015
12126915,08/20/2014,09/05/2014
12131186,03/28/2014,05/02/2014
12169180,11/19/2014,01/20/2015
12169180,07/30/2014,09/15/2014
12291822,11/28/2014,12/18/2014
12322810,07/01/2014,08/19/2014
12387425,01/22/2014,04/28/2014
12389319,11/05/2014,11/07/2014
12426432,05/16/2014,06/27/2014
12427675,02/23/2015,02/24/2015
12510776,11/25/2014,01/12/2015
12548550,04/14/2014,05/20/2014
12575463,03/18/2015,03/13/2015
12673865,03/06/2015,
12681704,05/23/2014,07/02/2014
12683499,05/01/2014,05/27/2014
12733205,08/27/2014,08/28/2014
12733205,06/03/2014,06/25/2014
12736165,04/01/2014,05/23/2014
12766788,03/24/2014,05/06/2014
12792036,03/18/2015,03/19/2015
12798310,08/03/2014,08/04/2014
12874172,11/24/2014,02/05/2015
12905654,10/06/2014,11/13/2014
12966294,06/25/2014,07/25/2014
12994626,02/13/2014,04/02/2014
12997752,01/29/2015,03/12/2015
13011011,03/18/2014,04/10/2014
13097313,03/24/2014,04/23/2014
13108862,03/28/2014,05/20/2014
13236037,08/18/2014,09/09/2014
13241396,07/02/2014,08/22/2014
13304914,12/11/2014,12/12/2014
13305898,03/26/2015,03/26/2015
13337997,09/18/2014,10/09/2014
13338045,12/15/2013,04/16/2014
13357650,10/29/2014,11/15/2014
13406808,07/31/2014,09/15/2014
13416282,12/08/2014,02/09/2015
13447646,03/19/2015,03/23/2015
13447656,12/08/2014,01/09/2015
13465106,05/28/2014,06/05/2014
13465106,10/03/2014,10/13/2014
13527602,11/27/2014,01/06/2015
13527602,02/11/2014,04/30/2014
13577618,12/10/2014,12/11/2014
13579368,03/18/2015,03/18/2015
13632961,03/23/2015,03/23/2015
13649608,02/03/2015,02/17/2015
13665289,05/01/2014,05/06/2014
13666915,05/01/2014,05/28/2014
13688978,05/01/2014,06/02/2014
13690473,11/17/2014,01/13/2015
13741496,12/09/2014,12/15/2014
13811678,03/06/2015,03/10/2015
13835711,06/13/2014,06/30/2014
13835711,02/13/2014,04/14/2014
13842422,07/03/2013,04/07/2014
13861855,01/23/2015,02/27/2015
13875038,07/21/2014,08/18/2014
13921675,03/19/2015,03/19/2015
14010194,01/13/2014,04/02/2014
14028367,07/04/2014,07/10/2014
14053516,06/18/2014,06/19/2014
14053516,12/27/2013,04/10/2014
14119034,03/30/2015,01/14/2015
14119034,11/19/2014,01/29/2015
14210123,10/16/2014,10/28/2014
14237512,10/08/2014,10/08/2014
14263418,06/25/2014,06/26/2014
14328383,06/12/2014,06/24/2014
14385925,07/28/2014,08/01/2014
14466540,07/04/2014,08/07/2014
14471145,08/29/2014,10/26/2014
14554587,01/16/2015,03/12/2015
14629310,12/18/2014,02/06/2015
14635222,05/01/2014,06/12/2014
14655656,10/20/2014,12/09/2014
14730486,08/21/2014,09/08/2014
14732366,03/18/2014,05/12/2014
14757062,06/13/2014,08/05/2014
14782325,04/11/2014,04/11/2014
14884779,01/08/2015,02/26/2015
14887042,08/05/2014,09/11/2014
14944631,11/12/2014,12/18/2014
14989329,07/02/2014,08/01/2014
15001043,01/21/2015,02/25/2015
15003143,08/04/2014,08/05/2014
15017724,03/28/2014,04/10/2014
15076104,11/05/2014,12/08/2014
15174018,03/28/2014,06/05/2014
15174620,03/24/2015,03/24/2015
15189800,07/22/2014,08/18/2014
15191805,06/06/2014,06/09/2014
15224942,06/26/2014,07/25/2014
15238065,11/25/2014,02/16/2015
15257696,11/07/2014,12/19/2014
15261613,08/08/2014,08/27/2014
15307146,08/08/2014,09/22/2014
15360648,04/01/2014,05/20/2014
15377936,11/19/2014,12/19/2014
15407237,01/13/2015,01/13/2015
15407237,06/13/2014,06/19/2014
15414241,06/27/2014,06/30/2014
15528115,03/25/2014,08/15/2014
15545708,08/13/2014,09/01/2014
15576717,10/14/2014,12/19/2014
15624934,02/16/2015,02/18/2015
15625087,09/29/2014,10/08/2014
15705419,10/15/2014,11/10/2014
15716873,06/12/2014,06/25/2014
15716873,08/28/2014,09/19/2014
15750671,05/01/2014,05/12/2014
15790086,03/11/2014,04/01/2014
15847245,05/07/2014,05/15/2014
15926439,05/22/2014,06/06/2014
15933648,10/29/2014,11/05/2014
15954992,02/23/2015,
16027350,02/24/2014,04/10/2014
16027350,03/31/2014,04/15/2014
16088742,03/31/2014,04/02/2014
16097652,09/19/2013,12/01/2014
16097720,07/02/2014,08/29/2014
16104160,09/25/2014,10/28/2014
16351187,07/22/2014,09/10/2014
16352617,05/23/2014,06/30/2014
16463434,03/04/2014,05/01/2014
16557675,03/31/2015,03/31/2015
16594285,03/31/2014,04/23/2014
16594285,10/28/2014,11/03/2014
16618453,10/29/2014,11/15/2014
16644276,12/30/2014,01/29/2015
16682881,11/17/2014,11/21/2014
16777509,10/20/2014,11/27/2014
16827608,01/19/2015,01/21/2015
16844782,11/04/2014,11/27/2014
16934114,03/06/2015,
16981420,02/27/2014,04/15/2014
16982820,06/27/2014,08/22/2014
16986688,03/13/2014,04/03/2014
16999948,07/01/2014,07/18/2014
17033463,09/25/2014,09/26/2014
17156028,04/29/2014,06/12/2014
17177584,02/14/2014,04/04/2014
17182020,05/16/2014,05/19/2014
17213107,06/17/2014,07/24/2014
17294866,12/08/2014,12/30/2014
17417504,03/30/2015,
17417504,03/28/2014,05/08/2014
17437551,05/29/2014,06/03/2014
17458493,10/24/2014,12/18/2014
17508094,10/27/2014,11/25/2014
17548176,03/14/2014,05/19/2014
17581294,12/02/2013,05/09/2014
17608651,12/23/2014,12/30/2014
17618376,10/21/2014,11/13/2014
17651831,03/24/2014,05/19/2014
17676271,04/10/2014,05/22/2014
17685651,03/25/2014,05/15/2014
17699355,11/25/2014,01/11/2015
17733662,06/04/2014,06/17/2014
17768532,01/27/2015,02/02/2015
17914336,07/28/2014,08/01/2014
17960225,12/08/2014,01/09/2015
18063358,08/08/2014,08/27/2014
18084266,12/09/2014,01/15/2015
18160331,10/16/2014,10/31/2014
18185083,07/17/2014,08/14/2014
18201350,11/04/2014,11/05/2014
18202704,05/02/2014,11/02/2014
18281997,01/06/2015,01/23/2015
18298514,03/12/2015,03/18/2015
18329121,02/12/2015,
18341203,03/02/2015,
18350026,10/27/2014,11/26/2014
18362787,05/12/2014,06/26/2014
18392070,06/13/2014,06/25/2014
18403323,11/11/2014,12/22/2014
18405125,03/28/2014,05/02/2014
18441148,06/12/2014,07/09/2014
18488216,06/20/2014,07/31/2014
18608552,03/10/2015,03/09/2015
18608552,03/10/2015,04/16/2014
18687180,01/09/2015,01/22/2015
18691422,12/09/2014,12/17/2014
18732774,11/14/2014,11/24/2014
18764579,10/27/2014,11/28/2014
18789072,03/02/2015,
18789072,03/07/2014,04/29/2014
18908107,06/13/2014,07/07/2014
18918480,04/02/2014,04/07/2014
18987617,05/21/2014,05/29/2014
19020675,05/08/2014,06/25/2014
19069107,07/17/2014,07/24/2014
19088782,02/28/2014,04/25/2014
19227197,12/02/2013,05/22/2014
19237013,10/27/2014,12/10/2014
19244680,07/03/2014,09/02/2014
19274909,03/19/2015,
19303061,11/04/2014,12/04/2014
19320772,11/11/2014,11/27/2014
19336130,04/23/2014,04/24/2014
19431186,01/28/2015,01/29/2015
19464164,08/06/2014,09/02/2014
19479036,05/30/2014,07/07/2014
19520542,02/16/2015,02/24/2015
19534114,07/25/2014,09/15/2014
19560636,03/03/2015,
19560636,05/02/2014,11/02/2014
19561230,10/08/2014,01/05/2015
19587895,08/13/2014,09/04/2014
19740505,02/27/2014,04/28/2014
19823963,05/01/2014,06/11/2014
19872735,05/13/2014,06/05/2014
19872735,10/03/2014,10/13/2014
19892182,11/21/2014,01/23/2015
19894067,10/16/2014,10/28/2014
19894067,06/13/2014,07/24/2014
19929228,04/17/2014,05/08/2014
20002082,03/23/2015,
20004943,11/25/2014,01/06/2015
20149320,05/23/2014,07/02/2014
20295236,03/31/2014,04/11/2014
20324707,06/24/2014,06/25/2014
20369237,02/27/2015,02/27/2015
20441606,12/29/2014,02/12/2015
20444560,03/04/2015,03/04/2015
20447943,01/08/2015,01/21/2015
20492120,11/25/2014,02/16/2015
20504316,12/10/2013,04/16/2014
20607438,10/20/2014,11/26/2014
20620848,11/14/2014,11/24/2014
20646419,12/22/2014,01/27/2015
20651499,08/07/2014,08/11/2014
20660485,07/03/2014,07/04/2014
20661268,03/31/2014,04/09/2014
20662909,06/13/2014,07/25/2014
20664789,01/14/2015,01/15/2015
20692024,10/29/2014,12/03/2014
20710184,06/09/2014,07/01/2014
20710184,02/02/2015,02/04/2015
20710184,09/16/2014,09/17/2014
20713221,02/24/2015,02/25/2015
20745552,07/02/2014,07/22/2014
20745552,03/11/2015,
20768953,10/14/2014,11/12/2014
20812116,12/24/2014,01/02/2015
20812116,03/25/2015,
20852521,01/12/2015,03/19/2015
20880145,12/08/2014,01/13/2015
20933441,08/18/2014,09/09/2014
21001792,02/07/2014,04/09/2014
21094603,10/21/2014,11/11/2014
21110792,09/18/2014,09/22/2014
21136932,04/10/2014,04/24/2014
21143210,11/19/2014,01/21/2015
21143210,03/30/2015,01/14/2015
21171172,08/18/2014,09/09/2014
21181245,07/07/2014,08/21/2014
21198527,11/26/2013,04/11/2014
21227753,08/27/2014,08/28/2014
21227753,06/03/2014,06/25/2014
21228313,03/25/2014,05/15/2014
21267552,11/26/2014,01/28/2015
21288764,12/15/2014,01/09/2015
21394455,11/06/2014,12/22/2014
21403123,03/09/2015,03/30/2015
21412012,06/03/2014,06/25/2014
21415940,09/30/2014,10/05/2014
21472796,07/02/2014,07/24/2014
21494735,10/27/2014,12/03/2014
21531956,02/12/2015,02/13/2015
21563873,03/25/2015,03/25/2015
21581069,05/29/2014,06/05/2014
21601039,03/31/2014,06/03/2014
21648726,06/02/2014,06/29/2014
21661168,09/22/2014,12/03/2014
21693970,03/19/2014,04/08/2014
21735064,11/14/2014,11/24/2014
21776522,02/20/2015,02/20/2015
21844948,05/23/2014,06/16/2014
21885822,01/19/2015,03/02/2015
21909910,03/05/2015,03/05/2015
21983235,01/22/2014,04/29/2014
22026618,05/13/2014,07/01/2014
22029804,03/23/2015,03/23/2015
22030031,05/01/2014,06/17/2014
22067535,03/17/2015,
22071066,10/20/2014,11/13/2014
22077714,05/07/2014,10/08/2014
22091364,01/08/2015,01/11/2015
22095491,02/16/2015,02/23/2015
22137872,03/24/2014,05/16/2014
22256762,03/18/2015,03/18/2015
22264143,07/21/2014,09/10/2014
22392484,09/19/2014,10/16/2014
22392484,03/27/2015,04/01/2015
22397990,05/22/2014,06/06/2014
22424835,10/29/2014,12/12/2014
22442358,11/27/2014,01/19/2015
22460747,07/28/2014,08/01/2014
22484162,12/22/2014,12/29/2014
22484754,09/18/2014,10/27/2014
22484754,03/26/2014,04/03/2014
22500322,05/19/2014,07/07/2014
22535751,07/11/2014,08/05/2014
22638515,10/03/2014,11/08/2014
22685424,05/21/2014,05/23/2014
22790943,11/24/2014,01/13/2015
22798054,03/11/2015,
22819991,05/21/2014,10/27/2014
22842375,06/18/2014,06/23/2014
22991807,03/03/2015,03/12/2015
23028310,02/06/2015,02/09/2015
23134601,03/24/2015,
23141128,03/16/2015,01/08/2015
23180927,10/02/2014,10/22/2014
23233501,11/17/2014,11/18/2014
23297081,05/01/2014,06/02/2014
23326045,02/06/2014,04/11/2014
23341860,05/14/2014,06/02/2014
23350290,03/25/2015,
23355456,05/09/2014,05/21/2014
23360198,08/08/2014,08/22/2014
23401885,05/19/2014,06/09/2014
23422987,05/29/2014,07/03/2014
23485400,03/28/2014,06/05/2014
23549464,05/21/2014,05/30/2014
23565779,09/26/2014,12/09/2014
23589759,12/08/2014,01/09/2015
23609361,03/05/2014,04/10/2014
23610430,08/01/2014,08/04/2014
23683275,04/09/2014,05/27/2014
23727838,04/01/2014,05/20/2014
23848683,03/26/2015,03/26/2015
23912573,07/07/2014,07/21/2014
23947511,05/21/2014,06/02/2014
23947511,04/25/2014,04/25/2014
23993319,07/30/2014,09/15/2014
24028992,03/31/2015,04/01/2015
24049192,03/17/2015,03/17/2015
24078568,07/31/2014,08/07/2014
24081115,11/26/2013,04/11/2014
24097591,07/31/2014,09/15/2014
24143841,03/23/2015,03/23/2015
24181157,03/25/2015,
24241139,07/14/2014,07/22/2014
24288047,05/14/2014,07/02/2014
24357715,05/07/2014,05/08/2014
24410866,06/16/2014,06/25/2014
24518194,10/24/2014,01/14/2015
24571107,11/04/2014,12/02/2014
24582472,09/09/2014,10/07/2014
24604045,10/03/2014,10/13/2014
24625186,04/10/2014,05/27/2014
24643773,10/16/2014,10/16/2014
24681099,02/16/2015,02/23/2015
24690922,06/11/2014,08/06/2014
24710263,07/01/2014,07/29/2014
24863384,07/15/2014,08/22/2014
24884750,01/30/2015,02/20/2015
24885351,02/12/2015,
24923782,02/07/2014,06/17/2014
25066179,11/18/2014,01/25/2015
25100115,06/09/2014,07/31/2014
25104595,07/07/2014,07/07/2014
25153566,07/02/2014,08/12/2014
25167046,03/18/2014,05/07/2014
25179481,05/01/2014,06/13/2014
25233327,07/04/2014,07/31/2014
25244372,10/27/2014,12/10/2014
25449432,05/01/2014,06/03/2014
25468076,01/06/2015,01/13/2015
25503403,08/14/2013,06/27/2014
25523505,11/24/2014,01/16/2015
25583850,02/27/2014,04/07/2014
25590744,10/27/2014,01/05/2015
25660389,05/20/2014,12/02/2014
25663679,11/25/2014,02/06/2015
25666515,01/22/2014,04/29/2014
25735980,10/14/2014,10/15/2014
25738882,11/17/2014,01/25/2015
25765059,11/14/2014,11/24/2014
25795681,09/25/2014,12/30/2014
25809574,03/23/2015,03/25/2015
25837030,09/17/2014,09/25/2014
25969949,04/01/2014,05/07/2014
26035692,07/04/2014,08/18/2014
26046226,08/26/2014,09/19/2014
26088938,08/20/2014,09/15/2014
26177817,08/20/2014,10/08/2014
26223279,05/07/2014,07/03/2014
26225182,12/17/2014,12/18/2014
26284438,03/31/2015,03/31/2015
26358055,03/27/2014,04/23/2014
26384064,01/14/2015,02/11/2015
26384064,03/05/2015,03/06/2015
26404052,04/10/2014,04/22/2014
26407641,09/26/2014,11/27/2014
26411732,07/09/2014,08/22/2014
26421652,05/15/2014,06/18/2014
26455896,12/16/2014,12/18/2014
26482632,05/08/2014,06/12/2014
26509092,11/20/2014,12/14/2014
26546850,08/07/2014,08/08/2014
26560232,07/01/2014,07/29/2014
26579089,03/31/2014,04/07/2014
26585676,09/23/2014,11/15/2014
26648960,02/20/2014,04/16/2014
26674310,09/18/2014,09/22/2014
26722067,10/27/2014,11/26/2014
26806456,10/07/2014,10/20/2014
26830642,05/01/2014,06/12/2014
26848305,12/16/2014,01/12/2015
26914513,11/25/2014,02/16/2015
26926501,06/26/2014,07/08/2014
26943726,07/07/2014,08/18/2014
26978280,12/08/2014,
27053561,12/09/2014,12/15/2014
27077337,03/28/2014,05/20/2014
27114461,02/10/2015,03/26/2015
27132760,07/04/2014,07/04/2014
27163160,12/27/2013,04/10/2014
27163160,06/18/2014,06/19/2014
27217302,03/25/2014,05/07/2014
27245945,05/21/2014,07/07/2014
27267851,10/06/2014,10/16/2014
27339240,03/23/2015,03/19/2015
27420553,10/28/2014,12/16/2014
27480060,07/04/2014,08/07/2014
27554889,05/29/2014,06/11/2014
27557445,08/28/2014,09/08/2014
27567631,03/10/2015,03/10/2015
27680887,05/01/2014,05/29/2014
27729917,11/19/2014,01/09/2015
27779891,03/18/2015,03/18/2015
27843028,07/02/2014,08/13/2014
27886881,05/20/2014,06/02/2014
27917350,06/03/2014,07/03/2014
27948601,03/25/2014,05/15/2014
27950938,09/10/2014,09/23/2014
27988228,05/08/2014,06/09/2014
28005121,02/13/2014,04/09/2014
28042869,09/17/2014,10/16/2014
28193641,03/03/2015,03/11/2015
28229740,10/20/2014,11/28/2014
28243925,11/05/2013,04/10/2014
28383073,09/26/2014,10/08/2014
28454891,06/17/2014,07/24/2014
28538424,10/29/2014,01/06/2015
28549181,08/15/2014,09/17/2014
28566300,08/13/2014,09/10/2014
28599548,06/05/2014,06/27/2014
28644427,09/29/2014,11/17/2014
28716930,11/25/2014,01/15/2015
28733585,12/08/2014,01/09/2015
28769594,05/29/2014,07/04/2014
28780109,03/23/2015,03/23/2015
28799351,10/23/2014,11/19/2014
28855641,05/07/2014,05/07/2014
29012015,12/29/2014,01/16/2015
29041273,02/21/2014,04/17/2014
29055445,04/25/2014,04/25/2014
29071716,03/02/2015,03/02/2015
29079437,10/27/2014,12/23/2014
29204434,03/18/2014,05/09/2014
29207148,02/12/2015,02/16/2015
29242232,12/09/2014,02/20/2015
29279001,05/01/2014,06/17/2014
29301658,10/29/2014,11/21/2014
29305427,11/10/2014,11/27/2014
29325560,11/11/2014,12/22/2014
29369206,01/22/2015,02/23/2015
29387780,03/02/2015,03/26/2015
29460620,02/02/2015,02/09/2015
29494770,02/26/2014,05/02/2014
29529621,03/31/2014,05/21/2014
29539027,07/23/2014,08/14/2014
29541398,03/28/2014,05/01/2014
29584263,12/22/2014,01/27/2015
29628560,08/29/2014,09/10/2014
29736492,03/18/2015,
29773967,07/28/2014,07/30/2014
29832428,08/01/2014,08/14/2014
29870736,06/24/2014,08/20/2014
29916574,10/31/2014,12/09/2014
29962469,05/01/2014,06/25/2014
30025816,01/23/2015,01/28/2015
30030513,03/27/2014,05/20/2014
30061871,08/26/2014,09/19/2014
30083734,12/16/2014,01/06/2015
30084837,06/13/2014,07/28/2014
30107161,08/05/2014,08/18/2014
30137240,08/07/2014,08/26/2014
30142032,04/01/2014,04/22/2014
30145290,07/04/2014,08/07/2014
30148604,09/09/2014,10/21/2014
30148604,02/20/2015,03/02/2015
30181703,03/28/2014,05/02/2014
30222954,08/15/2014,09/19/2014
30258108,03/10/2014,04/10/2014
30283344,03/05/2014,04/25/2014
30328928,12/03/2014,12/24/2014
30328928,07/22/2014,09/08/2014
30334828,04/10/2014,06/05/2014
30350003,05/01/2014,05/13/2014
30359122,02/28/2014,04/28/2014
30370060,06/10/2014,07/14/2014
30376573,08/22/2014,09/05/2014
30391894,02/27/2014,06/18/2014
30394744,05/01/2014,06/11/2014
30405311,02/27/2015,02/27/2015
30534028,11/18/2014,01/29/2015
30608061,06/13/2014,01/14/2015
30608061,06/13/2014,06/19/2014
30663951,04/14/2014,06/02/2014
30678998,01/05/2015,02/27/2015
30687560,03/18/2014,04/16/2014
30746298,08/27/2014,08/28/2014
30746298,06/03/2014,06/24/2014
30821373,08/14/2013,06/27/2014
30852549,03/27/2014,05/14/2014
30855192,08/18/2014,09/18/2014
30860750,03/04/2014,04/25/2014
30867448,03/12/2015,03/19/2015
30867448,01/29/2014,04/02/2014
30867659,06/18/2014,06/20/2014
30881796,09/24/2014,11/03/2014
30908913,03/16/2015,
30908913,10/24/2014,10/24/2014
30960494,05/14/2014,07/03/2014
30960494,01/11/2015,01/25/2015
30964080,05/01/2014,11/20/2014
30981327,11/19/2014,01/09/2015
31008555,05/01/2014,05/09/2014
31030991,07/09/2014,08/06/2014
31054940,12/11/2014,12/12/2014
31086721,05/01/2014,06/12/2014
31089750,08/01/2014,08/04/2014
31097561,01/16/2015,01/19/2015
31101641,03/23/2015,
31101641,10/02/2014,11/19/2014
31215437,08/12/2014,09/23/2014
31220611,03/14/2014,04/10/2014
31270601,07/04/2014,08/29/2014
31299754,03/24/2015,03/24/2015
31302411,12/11/2014,12/12/2014
31302411,03/10/2015,03/11/2015
31364648,02/18/2015,03/02/2015
31386869,05/15/2014,05/15/2014
31455384,01/14/2015,01/21/2015
31455384,10/14/2014,10/22/2014
31470933,07/17/2014,07/24/2014
31557389,10/24/2014,11/05/2014
31573647,10/03/2014,10/13/2014
31601723,07/17/2014,08/14/2014
31726154,08/22/2014,09/05/2014
31727715,07/10/2014,08/13/2014
31853582,08/29/2014,10/06/2014
31926103,07/31/2014,08/19/2014
31951776,01/11/2015,02/25/2015
31964706,05/14/2014,07/09/2014
32011278,01/19/2015,01/21/2015
32014714,05/01/2014,06/09/2014
32021962,08/12/2014,09/19/2014
32039419,03/23/2015,03/23/2015
32039419,04/01/2014,04/22/2014
32066731,02/10/2015,02/11/2015
32066731,09/19/2014,09/30/2014
32144592,04/09/2014,05/23/2014
32203482,02/27/2014,05/06/2014
32238607,10/27/2014,11/19/2014
32245263,08/22/2014,09/29/2014
32279999,08/21/2014,08/22/2014
32348943,12/24/2014,01/13/2015
32384685,03/25/2014,05/27/2014
32421340,04/29/2014,06/12/2014
32427199,07/04/2014,08/07/2014
32453940,03/23/2015,03/23/2015
32457489,12/18/2014,12/23/2014
32504793,07/13/2014,08/26/2014
32504793,03/24/2015,03/24/2015
32569676,10/31/2014,12/09/2014
32575374,08/10/2014,08/11/2014
32671767,09/19/2014,11/04/2014
32692719,09/29/2014,11/17/2014
32716144,08/27/2014,09/18/2014
32730587,05/01/2014,06/17/2014
32735091,01/19/2015,01/21/2015
32737026,01/18/2015,01/21/2015
32741085,03/05/2014,04/17/2014
32762255,07/31/2014,08/26/2014
32765237,02/27/2014,04/02/2014
32768196,05/29/2014,06/12/2014
32811648,02/27/2014,12/11/2014
32861481,01/28/2014,04/08/2014
32927317,01/09/2014,04/16/2014
32956757,10/03/2014,11/17/2014
33073172,01/08/2015,02/09/2015
33146796,10/14/2014,12/04/2014
33149463,03/11/2015,03/10/2015
33199946,01/15/2014,04/03/2014
33233102,03/07/2014,04/29/2014
33306516,03/18/2015,03/31/2015
33334879,06/23/2014,08/05/2014
33342802,08/14/2014,08/22/2014
33347253,01/08/2015,01/12/2015
33364879,05/13/2014,06/18/2014
33367642,05/29/2014,07/03/2014
33410936,01/18/2015,01/21/2015
33434078,02/27/2014,04/25/2014
33481706,08/22/2014,09/02/2014
33488920,04/29/2014,06/12/2014
33562807,09/26/2014,11/27/2014
33585966,02/25/2014,04/10/2014
33691470,08/12/2014,09/29/2014
33849828,01/20/2015,01/23/2015
33863852,03/31/2014,04/15/2014
33863852,01/15/2015,02/04/2015
33879121,04/14/2014,05/30/2014
33919680,07/29/2014,07/31/2014
33969409,02/23/2015,03/31/2015
33971560,03/12/2015,03/18/2015
33971560,10/27/2014,12/03/2014
34073324,10/29/2014,12/23/2014
34159366,11/27/2014,01/19/2015
34178654,05/07/2014,05/13/2014
34178654,11/22/2013,05/13/2014
34188531,01/20/2015,01/21/2015
34361390,03/21/2014,04/08/2014
34362488,04/01/2014,05/20/2014
34362488,08/10/2014,08/13/2014
34373283,05/01/2014,06/06/2014
34384810,01/09/2015,01/16/2015
34501052,03/10/2015,03/11/2015
34544398,08/20/2014,09/02/2014
34680695,07/30/2014,08/12/2014
34718978,04/08/2014,04/09/2014
34788729,07/18/2014,07/21/2014
34946491,02/16/2015,02/23/2015
34968519,02/26/2015,03/02/2015
34981280,06/03/2014,07/27/2014
35009868,03/26/2014,05/06/2014
35060937,03/24/2014,04/23/2014
35075760,03/28/2014,05/22/2014
35115842,03/25/2015,
35163595,08/08/2014,09/22/2014
35194837,11/17/2014,01/06/2015
35198914,07/07/2014,08/21/2014
35222203,03/20/2014,04/22/2014
35272394,03/24/2015,
35300951,01/14/2015,01/16/2015
35359551,01/05/2015,01/21/2015
35360230,08/20/2014,10/05/2014
35378768,03/25/2015,
35486179,10/28/2014,10/31/2014
35486179,08/01/2013,10/23/2014
35492190,02/09/2015,02/17/2015
35497715,10/22/2014,10/31/2014
35510462,02/12/2015,
35535338,10/10/2014,11/17/2014
35544165,09/25/2014,12/30/2014
35600982,02/18/2014,05/09/2014
35649355,09/30/2014,10/16/2014
35679589,04/09/2014,04/17/2014
35717281,05/12/2014,05/20/2014
35731921,02/16/2015,02/23/2015
35770048,11/04/2014,12/03/2014
35923630,03/27/2015,03/27/2015
35928887,02/27/2015,03/02/2015
35941391,02/07/2014,04/01/2014
35985256,09/23/2014,10/23/2014
36085321,06/24/2014,07/22/2014
36107030,03/07/2014,04/11/2014
36123989,12/02/2014,12/16/2014
36194416,05/01/2014,05/09/2014
36210022,05/01/2014,06/19/2014
36271077,06/24/2014,06/25/2014
36287687,05/01/2014,06/04/2014
36287687,10/22/2014,11/10/2014
36312329,08/13/2014,09/11/2014
36341423,11/26/2014,01/22/2015
36366692,11/10/2014,11/13/2014
36382706,05/01/2014,06/18/2014
36415269,03/03/2014,04/22/2014
36421117,01/08/2014,04/09/2014
36421662,05/19/2014,05/20/2014
36450235,12/09/2014,12/09/2014
36507627,09/29/2014,10/29/2014
36516079,11/25/2013,06/05/2014
36519467,06/17/2014,07/24/2014
36538399,12/08/2014,12/22/2014
36564583,03/04/2014,04/08/2014
36567656,04/22/2014,05/07/2014
36581553,04/08/2014,04/09/2014
36601892,01/16/2015,03/17/2015
36612540,07/04/2014,07/28/2014
36619576,12/08/2014,02/09/2015
36801246,03/18/2015,
36811727,03/09/2015,03/10/2015
36982096,09/25/2014,10/07/2014
36997487,06/26/2014,08/05/2014
37003818,11/04/2014,11/30/2014
37138218,10/24/2014,01/12/2015
37142345,11/26/2014,01/09/2015
37179509,03/12/2014,04/08/2014
37198802,02/14/2014,04/04/2014
37242107,08/12/2014,08/21/2014
37252009,04/07/2014,04/08/2014
37445881,01/08/2015,01/11/2015
37445881,01/26/2015,01/30/2015
37462476,08/15/2014,08/15/2014
37484264,01/25/2015,01/25/2015
37493558,03/31/2015,03/31/2015
37509242,03/24/2014,05/14/2014
37536554,05/15/2014,06/18/2014
37582360,10/31/2014,12/09/2014
37610575,01/18/2015,01/21/2015
37724525,03/24/2015,03/24/2015
37783015,01/09/2015,03/06/2015
37799110,06/25/2014,10/04/2014
37808492,05/22/2014,06/13/2014
37897541,07/30/2014,09/02/2014
37954325,04/15/2014,06/02/2014
38115730,06/24/2014,06/25/2014
38217365,02/13/2014,04/10/2014
38240473,10/23/2014,11/10/2014
38284162,03/23/2015,03/20/2015
38313038,03/24/2015,
38334199,03/26/2014,04/16/2014
38351431,08/29/2014,10/26/2014
38355910,10/07/2014,10/28/2014
38396774,12/15/2014,12/16/2014
38409885,01/21/2015,01/23/2015
38448577,07/01/2014,07/09/2014
38465204,08/15/2014,09/23/2014
38477272,07/15/2014,08/04/2014
38478866,07/30/2014,09/18/2014
38518586,11/03/2014,11/21/2014
38524029,05/01/2014,06/17/2014
38555783,04/07/2014,05/20/2014
38668919,11/13/2014,12/19/2014
38694536,09/18/2014,10/13/2014
38694536,05/08/2014,05/22/2014
38711977,08/22/2014,08/29/2014
38733250,03/24/2015,03/24/2015
38844839,03/30/2015,03/30/2015
38875823,03/23/2015,03/23/2015
38883022,02/22/2015,02/23/2015
38958625,02/18/2015,02/18/2015
39252633,05/01/2014,05/30/2014
39253483,01/05/2015,01/13/2015
39271170,07/13/2014,09/12/2014
39364684,03/09/2015,03/10/2015
39408125,03/30/2014,05/21/2014
39408125,11/20/2014,11/25/2014
39518563,03/31/2015,03/31/2015
39555549,12/04/2014,12/11/2014
39632560,09/03/2014,10/27/2014
39686277,02/12/2014,06/25/2014
39686277,07/29/2014,08/04/2014
39741583,07/01/2014,07/21/2014
39769073,01/14/2015,01/16/2015
39808392,10/03/2014,10/13/2014
39808835,05/02/2014,11/02/2014
39888424,03/27/2014,05/06/2014
39892924,09/22/2014,11/10/2014
39900143,08/13/2014,09/09/2014
39955010,02/11/2014,04/15/2014
40002654,04/17/2014,04/23/2014
40055916,05/19/2014,05/23/2014
40141386,02/18/2014,05/02/2014
40148357,10/23/2014,11/14/2014
40185368,10/06/2014,10/24/2014
40205422,08/18/2014,08/22/2014
40271802,08/12/2014,10/01/2014
40271802,01/09/2015,01/16/2015
40271802,03/27/2015,
40271802,02/26/2014,04/29/2014
40299371,12/08/2014,12/23/2014
40383974,11/07/2014,12/16/2014
40399471,03/17/2014,04/24/2014
40417122,03/12/2014,04/03/2014
40499822,04/01/2014,05/23/2014
40516899,05/22/2014,11/19/2014
40539602,05/08/2014,06/04/2014
40540852,03/11/2015,03/13/2015
40556320,03/26/2014,05/08/2014
40589488,10/20/2014,11/03/2014
40602139,09/24/2014,11/04/2014
40602139,04/16/2014,05/19/2014
40607286,03/13/2015,
40635371,02/06/2015,02/12/2015
40721446,02/05/2014,04/01/2014
40739381,06/02/2014,06/10/2014
40779504,03/18/2014,05/09/2014
40839794,03/31/2015,03/31/2015
40870209,03/28/2014,04/23/2014
40875527,02/18/2014,04/30/2014
40901485,08/06/2014,09/02/2014
40927666,10/15/2014,11/07/2014
40976164,04/01/2014,04/08/2014
40990060,05/01/2014,06/03/2014
41080076,08/07/2014,08/08/2014
41095802,11/19/2014,12/19/2014
41197169,11/28/2014,12/24/2014
41208498,10/20/2014,12/09/2014
41211976,08/13/2014,09/14/2014
41234507,02/13/2015,02/20/2015
41237589,10/21/2014,12/04/2014
41387521,05/14/2014,07/09/2014
41404138,03/31/2015,03/31/2015
41414028,05/01/2014,05/16/2014
41480527,02/08/2015,02/10/2015
41486916,01/07/2014,04/15/2014
41545969,08/22/2014,09/04/2014
41568455,07/17/2014,07/24/2014
41569451,08/20/2014,08/22/2014
41569451,05/01/2014,06/05/2014
41591408,03/28/2014,05/02/2014
41713452,12/11/2014,12/15/2014
41807474,01/13/2015,01/14/2015
41837779,02/23/2014,04/15/2014
41862565,02/12/2015,
41893068,06/03/2014,07/27/2014
41893068,01/16/2014,04/09/2014
41909969,10/03/2014,10/08/2014
41929324,08/01/2014,09/04/2014
42007425,08/28/2014,09/23/2014
42180389,03/03/2014,04/24/2014
42289135,03/31/2014,04/07/2014
42310619,08/22/2014,10/20/2014
42324445,10/13/2014,10/30/2014
42326507,11/18/2013,02/13/2015
42499892,05/09/2014,07/02/2014
42635725,05/07/2014,10/08/2014
42666087,06/27/2014,08/01/2014
42666692,11/13/2014,01/13/2015
42669234,09/05/2014,10/16/2014
42787291,10/16/2014,01/14/2015
42862725,11/19/2014,01/29/2015
42862725,03/30/2015,01/14/2015
42862725,03/16/2015,01/14/2015
42883170,07/31/2014,09/14/2014
42894182,07/03/2014,08/11/2014
42894182,10/24/2014,11/04/2014
42916187,07/28/2014,08/15/2014
42959812,09/29/2014,10/26/2014
43013838,07/07/2014,08/14/2014
43045392,11/19/2014,12/17/2014
43057767,03/19/2014,04/08/2014
43078981,03/12/2015,
43085890,07/01/2014,07/16/2014
43102557,09/11/2014,11/03/2014
43171819,04/14/2014,05/14/2014
43183379,04/24/2014,12/02/2014
43222546,08/21/2014,08/22/2014
43231948,05/01/2014,05/16/2014
43236052,06/03/2014,07/24/2014
43254971,05/01/2014,05/30/2014
43282389,03/12/2015,03/11/2015
43296685,10/27/2014,12/10/2014
43298991,09/18/2014,10/01/2014
43298991,05/08/2014,05/28/2014
43326347,02/17/2015,03/04/2015
43458196,07/16/2013,04/09/2014
43531078,10/14/2013,05/07/2014
43619615,12/05/2014,12/21/2014
43640729,03/23/2015,
43660507,04/07/2014,05/14/2014
43683626,10/16/2014,10/31/2014
43688435,01/12/2015,01/14/2015
43688435,08/19/2014,08/28/2014
43692329,10/24/2014,01/14/2015
43711739,01/07/2015,01/12/2015
43848861,06/03/2014,07/27/2014
44010481,01/13/2015,01/15/2015
44010634,03/28/2014,05/19/2014
44047928,07/02/2014,08/11/2014
44052483,05/19/2014,06/16/2014
44062386,02/28/2014,04/14/2014
44161627,03/20/2015,
44161627,01/21/2015,01/23/2015
44161627,10/29/2014,11/06/2014
44174133,10/17/2014,12/11/2014
44182187,03/17/2014,04/01/2014
44228090,09/26/2014,11/27/2014
44337375,07/23/2014,07/30/2014
44363580,10/13/2014,10/17/2014
44410798,01/28/2015,02/03/2015
44435364,02/25/2014,04/14/2014
44491291,03/26/2014,05/19/2014
44518825,06/30/2014,08/04/2014
44525456,03/31/2014,05/16/2014
44557635,07/07/2014,07/09/2014
44575838,07/17/2014,10/31/2014
44631899,06/26/2014,08/05/2014
44634614,03/10/2015,03/12/2015
44722620,12/02/2013,04/09/2014
44729605,12/29/2014,01/13/2015
44847334,06/23/2014,06/30/2014
44852016,02/18/2015,03/17/2015
44914533,02/05/2015,02/09/2015
44951815,11/05/2014,11/05/2014
44963735,03/30/2015,03/30/2015
44963735,02/13/2015,02/13/2015
44978385,03/17/2015,03/17/2015
44997712,10/02/2014,10/05/2014
45024491,06/06/2014,07/31/2014
45052088,03/12/2014,04/29/2014
45059079,01/12/2014,04/07/2014
45117396,08/19/2014,09/08/2014
45120015,04/16/2014,05/30/2014
45130797,03/24/2014,04/23/2014
45208113,02/28/2014,04/28/2014
45209486,08/01/2014,08/04/2014
45221659,02/24/2015,03/17/2015
45273409,07/11/2014,08/07/2014
45275254,03/19/2014,04/15/2014
45282840,06/19/2014,07/17/2014
45293265,02/16/2015,02/25/2015
45298099,04/14/2014,05/12/2014
45326826,07/03/2014,09/02/2014
45326826,12/08/2014,12/08/2014
45365423,04/09/2014,04/30/2014
45423410,12/02/2014,12/24/2014
45453354,03/23/2015,03/31/2015
45457171,07/24/2014,08/11/2014
45529025,04/30/2014,04/30/2014
45533808,01/21/2015,03/06/2015
45548906,10/08/2013,04/11/2014
45568246,10/14/2014,11/03/2014
45568628,08/29/2014,10/26/2014
45580477,03/30/2015,03/30/2015
45791608,06/18/2014,08/10/2014
45830280,07/03/2014,07/24/2014
45830280,09/09/2014,10/17/2014
45834797,10/14/2014,12/01/2014
45925968,02/05/2015,02/22/2015
45938546,03/31/2014,04/02/2014
46015072,06/13/2014,08/11/2014
46118283,10/28/2014,12/16/2014
46138862,05/06/2014,05/13/2014
46213995,01/20/2015,01/22/2015
46298562,06/18/2014,06/19/2014
46305219,09/19/2014,09/24/2014
46313489,04/10/2014,06/03/2014
46360869,10/02/2014,10/31/2014
46459660,04/24/2014,04/28/2014
46507963,03/24/2015,03/24/2015
46513040,02/26/2014,04/01/2014
46539594,02/25/2015,02/25/2015
46628701,01/15/2015,02/22/2015
46746568,04/02/2014,05/20/2014
46823939,01/23/2015,01/29/2015
46833344,07/31/2014,08/19/2014
46961635,02/07/2014,04/04/2014
46979273,08/14/2014,09/23/2014
47156697,08/15/2014,08/26/2014
47186561,11/25/2014,02/03/2015
47189843,04/04/2014,04/10/2014
47248381,02/04/2015,02/10/2015
47264355,08/08/2014,08/12/2014
47286817,04/29/2014,05/29/2014
47301726,10/29/2014,12/12/2014
47309379,06/27/2014,07/01/2014
47344444,12/31/2013,04/09/2014
47346388,09/14/2014,09/26/2014
47417991,07/30/2014,10/05/2014
47421156,05/07/2014,06/05/2014
47438902,07/23/2014,07/29/2014
47468021,03/19/2015,
47486216,11/14/2014,01/20/2015
47492299,11/21/2014,01/23/2015
47497555,09/22/2014,11/10/2014
47502510,05/03/2014,05/05/2014
47573452,01/14/2015,02/24/2015
47575642,03/25/2014,05/09/2014
47637040,03/18/2014,04/15/2014
47637040,10/28/2014,11/11/2014
47659472,02/27/2014,04/14/2014
47674684,10/08/2014,10/16/2014
47744658,02/18/2015,03/25/2015
47837960,02/05/2015,02/22/2015
47856290,03/23/2015,
48030504,11/25/2014,01/20/2015
48305781,05/16/2014,06/23/2014
48314275,01/30/2015,01/30/2015
48314526,10/29/2014,12/23/2014
48349945,05/07/2014,05/27/2014
48406105,07/17/2014,09/15/2014
48411732,02/03/2015,03/10/2015
48433827,01/13/2015,01/15/2015
48458455,05/01/2014,05/29/2014
48488550,07/04/2014,08/18/2014
48532049,01/27/2015,02/20/2015
48544560,09/26/2014,10/28/2014
48682312,10/29/2014,11/15/2014
48683114,09/09/2014,12/11/2014
48725312,02/04/2014,04/11/2014
48752752,02/03/2015,02/25/2015
48774533,04/09/2014,04/30/2014
48791635,06/18/2014,12/03/2014
48818710,12/09/2014,12/12/2014
48832240,07/31/2014,09/02/2014
48890222,09/18/2014,10/08/2014
48984935,02/26/2015,02/26/2015
48990999,04/03/2014,04/14/2014
49053944,11/24/2014,01/11/2015
49083924,12/31/2014,01/29/2015
49107807,07/17/2014,08/29/2014
49156126,01/19/2015,01/21/2015
49231897,03/28/2014,05/20/2014
49274599,06/04/2014,06/27/2014
49313734,07/17/2014,08/30/2014
49422312,07/04/2014,07/07/2014
49626758,07/28/2014,08/01/2014
49706267,02/27/2014,04/15/2014
49706939,06/12/2014,06/24/2014
49714025,12/09/2014,12/18/2014
49759128,01/28/2014,05/28/2014
49759128,03/10/2015,03/09/2015
49759128,03/10/2015,03/09/2015
49815308,03/10/2015,03/10/2015
49839955,05/01/2014,06/02/2014
49847637,04/02/2014,04/07/2014
49926316,08/06/2014,08/15/2014
49929603,10/22/2014,11/10/2014
50006880,02/27/2014,04/08/2014
50014646,06/04/2014,07/25/2014
50030697,07/31/2014,09/15/2014
50051774,09/28/2013,04/15/2014
50204253,12/08/2014,01/16/2015
50268879,08/08/2014,09/22/2014
50270762,07/02/2014,10/24/2014
50307300,10/28/2014,11/05/2014
50307300,08/27/2014,09/09/2014
50338751,01/06/2015,01/09/2015
50354576,03/28/2014,05/02/2014
50390701,12/09/2014,12/11/2014
50396800,10/22/2014,11/27/2014
50413275,11/25/2014,02/15/2015
50415205,05/22/2014,06/02/2014
50459892,03/23/2015,03/26/2015
50512106,05/14/2014,07/15/2014
50512106,03/06/2015,
50600128,09/29/2014,10/22/2014
50648546,03/18/2015,03/18/2015
50697967,06/11/2014,06/16/2014
50697967,05/16/2014,05/30/2014
50717276,06/27/2014,07/01/2014
50810569,01/20/2015,01/28/2015
50834135,03/24/2014,05/02/2014
50988183,02/10/2015,02/11/2015
51017609,07/01/2014,08/19/2014
51053395,11/26/2014,01/19/2015
51132734,05/30/2014,08/27/2014
51184737,02/16/2015,02/18/2015
51207515,03/24/2015,03/23/2015
51357337,07/01/2014,07/02/2014
51391571,06/10/2014,07/24/2014
51477727,08/29/2014,10/26/2014
51478135,08/08/2014,09/22/2014
51613045,08/13/2014,09/10/2014
51639074,11/24/2014,01/08/2015
51742690,03/12/2014,04/07/2014
51874131,12/08/2014,01/13/2015
52089559,05/16/2014,06/23/2014
52103853,07/04/2014,08/14/2014
52103853,04/09/2014,05/14/2014
52159775,04/23/2014,06/23/2014
52176879,02/05/2015,02/10/2015
52176879,06/19/2014,08/14/2014
52200681,03/23/2015,03/18/2015
52214444,06/19/2014,06/25/2014
52229253,05/01/2014,06/02/2014
52229551,08/29/2014,10/06/2014
52250907,03/18/2015,
52331472,09/25/2014,10/27/2014
52349660,12/18/2014,02/06/2015
52396646,06/12/2014,07/09/2014
52418375,04/10/2014,04/24/2014
52497259,03/06/2015,
52497259,05/14/2014,07/15/2014
52583444,09/18/2014,09/22/2014
52585831,03/17/2014,05/23/2014
52585831,09/09/2014,09/23/2014
52623093,03/06/2015,03/30/2015
52697877,11/24/2014,11/25/2014
52932683,03/14/2014,04/13/2014
52939142,07/17/2014,11/17/2014
52973192,02/13/2014,04/09/2014
52973400,10/03/2014,10/13/2014
52982139,06/17/2014,07/24/2014
53032319,11/28/2014,12/18/2014
53032319,04/29/2014,05/09/2014
53032319,01/13/2015,03/12/2015
53124740,07/04/2014,08/21/2014
53162788,03/07/2014,04/25/2014
53219194,05/13/2014,05/20/2014
53231452,11/11/2014,12/04/2014
53247452,01/27/2015,
53293444,01/19/2015,01/20/2015
53354001,07/03/2014,08/04/2014
53358717,04/02/2014,04/07/2014
53373497,07/25/2014,07/28/2014
53397070,05/09/2014,05/13/2014
53401022,06/09/2014,07/25/2014
53406399,01/15/2015,01/16/2015
53451323,02/17/2015,02/18/2015
53467476,07/02/2014,07/22/2014
53500114,05/01/2014,05/16/2014
53569899,02/05/2015,02/22/2015
53588501,07/04/2014,09/17/2014
53591509,09/23/2014,10/05/2014
53605159,11/18/2014,11/25/2014
53607134,10/29/2014,11/15/2014
53615947,12/02/2014,12/02/2014
53657658,05/14/2014,07/11/2014
53664920,12/17/2013,04/09/2014
53671568,03/05/2015,
53731860,09/19/2014,11/06/2014
53749701,05/23/2014,07/02/2014
53788432,07/04/2014,08/18/2014
53974356,06/23/2014,11/19/2014
54042755,11/25/2013,01/29/2015
54061941,04/02/2014,05/22/2014
54102003,03/10/2014,04/11/2014
54151304,05/02/2014,11/02/2014
54151304,05/02/2014,05/22/2014
54220973,05/30/2014,06/17/2014
54230982,05/01/2014,06/04/2014
54230982,08/20/2014,08/22/2014
54244209,01/29/2015,
54256108,01/02/2015,01/15/2015
54314057,03/21/2014,05/13/2014
54320999,06/10/2014,07/28/2014
54332843,07/08/2014,07/22/2014
54388163,05/01/2014,06/03/2014
54388310,01/21/2015,02/22/2015
54392634,11/22/2013,05/13/2014
54392634,05/07/2014,05/13/2014
54459622,06/11/2014,08/01/2014
54557184,06/02/2014,06/03/2014
54611488,02/28/2014,04/30/2014
54639486,01/28/2015,02/02/2015
54646228,09/22/2014,09/25/2014
54646228,01/14/2014,04/03/2014
54771755,03/28/2014,06/02/2014
54778349,12/10/2014,12/11/2014
54792768,11/10/2014,11/18/2014
54812289,07/10/2014,08/07/2014
54865680,09/23/2014,10/23/2014
54893816,06/03/2014,07/28/2014
54893816,12/10/2013,05/02/2014
55045060,03/17/2015,03/23/2015
55045060,09/16/2014,10/29/2014
55115128,03/26/2014,05/19/2014
55141179,07/30/2014,08/27/2014
55259504,03/31/2015,03/31/2015
55286073,05/22/2014,06/11/2014
55286240,03/31/2014,06/03/2014
55296199,05/21/2014,05/30/2014
55296291,05/01/2014,06/17/2014
55300591,08/01/2014,09/17/2014
55423774,01/23/2014,06/17/2014
55467577,07/02/2014,07/23/2014
55467577,07/30/2014,09/23/2014
55533645,01/28/2015,03/11/2015
55547279,03/31/2014,05/08/2014
55554539,04/10/2014,05/12/2014
55575685,06/04/2014,07/03/2014
55582649,05/01/2014,05/23/2014
55630068,06/26/2014,08/13/2014
55730474,03/07/2014,05/13/2014
55751316,07/01/2014,08/19/2014
55762453,03/23/2015,03/23/2015
55809679,12/02/2014,01/21/2015
55842808,05/22/2014,11/19/2014
55895410,11/05/2014,12/11/2014
55895410,04/10/2014,04/28/2014
55895410,03/31/2014,05/19/2014
55914041,05/15/2014,06/13/2014
55976558,02/28/2014,04/09/2014
56149187,12/30/2014,12/30/2014
56192782,09/25/2014,10/16/2014
56201878,03/31/2015,03/31/2015
56249795,06/02/2014,07/15/2014
56360779,09/09/2014,02/04/2015
56487556,09/23/2014,10/31/2014
56520414,11/17/2014,02/06/2015
56526934,02/04/2015,
56633092,06/02/2014,07/16/2014
56637522,06/09/2014,06/24/2014
56645593,01/19/2015,01/21/2015
56743422,08/10/2014,08/13/2014
56743422,04/01/2014,05/20/2014
56842985,03/24/2015,03/24/2015
56842985,07/11/2014,08/28/2014
56961187,08/20/2014,10/02/2014
56984237,10/18/2013,04/02/2014
56993258,07/02/2014,10/24/2014
56998451,11/19/2014,01/07/2015
57037497,03/20/2015,
57064940,12/30/2013,04/23/2014
57216258,02/12/2015,03/13/2015
57227330,06/06/2014,07/25/2014
57247928,02/26/2014,04/10/2014
57294478,06/26/2014,08/04/2014
57317021,07/03/2014,09/02/2014
57319706,11/25/2013,04/11/2014
57319743,10/29/2014,11/15/2014
57350731,03/28/2014,05/20/2014
57421608,01/15/2015,01/19/2015
57481492,10/22/2014,10/31/2014
57507992,07/01/2014,07/11/2014
57534139,04/15/2014,05/30/2014
57664983,05/20/2014,05/28/2014
57687186,12/11/2014,12/15/2014
57713666,02/26/2014,04/29/2014
57733802,03/27/2014,05/20/2014
57805251,06/05/2014,07/02/2014
57810725,02/12/2015,
57820833,06/25/2014,07/24/2014
57837000,01/22/2015,03/23/2015
57989002,03/16/2015,03/12/2015
58007642,08/01/2014,09/10/2014
58039300,10/09/2014,11/25/2014
58064092,03/31/2014,05/02/2014
58095205,08/21/2014,08/22/2014
58146549,07/04/2014,08/08/2014
58155059,09/26/2014,10/22/2014
58170896,05/13/2014,05/20/2014
58190993,10/06/2014,10/09/2014
58194455,06/03/2014,07/27/2014
58198501,03/23/2015,03/23/2015
58297697,02/23/2014,09/04/2014
58324310,05/27/2014,06/23/2014
58353091,11/20/2014,12/17/2014
58455016,07/01/2014,08/06/2014
58507570,01/05/2015,02/27/2015
58691565,08/29/2014,10/15/2014
58729469,03/24/2014,04/17/2014
58733033,07/16/2014,07/27/2014
58757384,03/26/2014,04/22/2014
58797299,10/02/2014,10/28/2014
58812964,07/17/2014,08/29/2014
58828464,07/21/2014,08/05/2014
58832578,03/31/2014,05/21/2014
58896079,01/20/2015,01/22/2015
58983630,12/08/2014,01/13/2015
59007170,01/06/2015,01/13/2015
59078282,04/29/2014,06/11/2014
59142274,03/24/2014,04/15/2014
59144122,12/08/2014,01/09/2015
59145850,02/18/2014,04/23/2014
59165002,06/23/2014,08/03/2014
59181712,05/09/2014,06/24/2014
59213162,04/08/2014,04/14/2014
59376784,03/15/2014,04/23/2014
59393203,06/20/2014,07/21/2014
59398010,02/27/2014,05/12/2014
59450902,10/24/2014,01/14/2015
59454012,04/15/2014,05/27/2014
59461032,08/20/2014,10/05/2014
59474653,04/15/2014,05/16/2014
59494365,03/17/2015,03/18/2015
59551653,11/25/2014,12/24/2014
59683511,07/07/2014,07/25/2014
59719708,03/19/2015,03/19/2015
59719850,05/07/2014,05/22/2014
59763034,01/26/2015,01/30/2015
59858424,02/18/2015,
59931378,06/03/2014,07/30/2014
59948300,06/24/2014,07/15/2014
59970083,09/22/2014,09/22/2014
59977226,11/03/2014,01/06/2015
59980814,03/05/2015,
60048025,05/01/2014,05/19/2014
60068154,10/02/2014,10/28/2014
60070508,07/10/2014,09/10/2014
60093215,07/25/2014,07/28/2014
60117514,08/22/2014,09/05/2014
60233235,01/22/2015,02/23/2015
60337768,08/21/2014,09/15/2014
60351427,01/26/2015,02/06/2015
60354956,02/26/2014,04/16/2014
60444564,05/01/2014,06/01/2014
60459446,07/29/2014,10/06/2014
60482361,02/18/2015,03/25/2015
60549326,03/31/2014,04/11/2014
60611200,11/24/2014,01/27/2015
60625241,09/10/2014,11/05/2014
60625241,03/24/2015,03/24/2015
60682032,07/28/2014,07/30/2014
60682032,10/14/2014,10/20/2014
60695624,09/04/2014,09/29/2014
60722951,10/23/2013,01/27/2015
60795800,04/14/2014,05/12/2014
60826096,12/09/2014,01/15/2015
60853401,03/11/2015,03/13/2015
61004580,06/24/2014,08/18/2014
61057605,08/10/2014,09/08/2014
61088676,03/30/2015,03/30/2015
61121768,10/21/2014,11/18/2014
61278885,04/03/2014,04/10/2014
61327067,07/04/2014,08/20/2014
61357638,11/04/2014,01/06/2015
61367955,04/08/2014,04/10/2014
61371827,04/09/2014,05/27/2014
61388230,06/13/2014,07/21/2014
61446095,02/10/2015,02/10/2015
61477501,10/01/2013,06/16/2014
61477501,11/19/2014,11/20/2014
61492709,01/27/2015,02/18/2015
61494308,01/20/2015,02/18/2015
61528738,10/22/2014,10/30/2014
61532573,01/31/2014,04/03/2014
61536982,02/10/2015,03/24/2015
61598154,10/14/2014,12/09/2014
61608215,05/21/2014,06/19/2014
61746448,04/29/2014,06/12/2014
61801041,11/10/2014,11/18/2014
61929491,02/13/2015,02/17/2015
61995501,11/24/2014,01/07/2015
61996834,07/02/2014,08/22/2014
62009094,03/31/2014,04/16/2014
62027063,01/22/2015,03/23/2015
62170469,07/21/2014,12/01/2014
62181938,06/11/2014,06/12/2014
62187357,02/26/2014,04/07/2014
62240256,10/20/2014,11/03/2014
62278369,12/19/2014,02/02/2015
62314509,02/27/2015,
62344214,02/17/2015,03/16/2015
62369905,05/14/2014,05/29/2014
62431598,10/06/2014,11/27/2014
62481068,08/19/2014,08/21/2014
62595964,12/12/2014,12/15/2014
62640067,10/08/2014,12/08/2014
62643890,10/13/2014,10/16/2014
62747509,05/08/2014,06/16/2014
62828820,02/12/2015,02/19/2015
62828820,02/16/2015,02/23/2015
62849004,02/10/2015,02/10/2015
62869693,03/31/2015,
62963284,11/14/2014,11/17/2014
62983103,11/25/2014,02/16/2015
62989199,03/12/2014,04/23/2014
63012043,08/11/2014,10/20/2014
63012620,03/04/2015,
63012620,08/01/2014,08/04/2014
63033525,01/28/2014,04/08/2014
63053213,01/30/2014,04/10/2014
63053213,08/21/2014,09/01/2014
63109876,03/07/2014,04/14/2014
63134833,05/12/2014,05/20/2014
63142714,06/26/2014,09/04/2014
63144875,11/10/2014,11/30/2014
63174613,08/15/2014,08/20/2014
63186478,07/03/2014,08/04/2014
63223151,10/05/2014,12/02/2014
63230802,07/04/2014,07/24/2014
63237024,05/01/2014,06/17/2014
63255047,03/23/2015,03/23/2015
63317580,07/04/2014,08/07/2014
63322401,03/23/2015,03/23/2015
63325788,09/05/2014,10/23/2014
63384749,06/26/2014,07/21/2014
63385884,09/03/2014,10/08/2014
63430197,10/27/2014,11/26/2014
63508045,06/12/2014,07/09/2014
63540170,05/27/2014,06/23/2014
63543091,06/03/2014,07/25/2014
63580937,09/22/2014,11/21/2014
63630952,08/06/2014,08/08/2014
63658963,08/11/2014,08/11/2014
63665931,03/31/2014,05/07/2014
63700724,01/19/2015,02/11/2015
63747408,05/01/2014,06/17/2014
63821486,08/12/2014,08/12/2014
63847036,07/29/2014,08/20/2014
63872516,03/28/2014,06/02/2014
63884469,01/22/2014,04/03/2014
64038057,05/16/2014,06/26/2014
64110818,02/18/2014,04/09/2014
64129609,09/23/2014,10/23/2014
64162164,05/29/2014,06/12/2014
64170913,12/12/2014,01/02/2015
64207080,03/31/2015,04/01/2015
64207777,11/19/2013,04/07/2014
64284378,07/25/2014,10/01/2014
64299527,02/26/2015,03/23/2015
64420024,11/24/2014,01/06/2015
64421367,03/30/2015,
64421933,06/09/2014,06/18/2014
64473692,11/21/2014,11/27/2014
64508215,10/17/2014,10/21/2014
64553755,07/15/2014,08/22/2014
64619281,01/20/2014,04/07/2014
64632384,08/04/2014,08/11/2014
64634466,10/14/2014,10/22/2014
64634466,01/14/2015,01/21/2015
64684352,10/15/2014,11/03/2014
64726057,02/11/2015,02/12/2015
64894359,03/16/2015,01/08/2015
64905786,07/07/2014,08/21/2014
65031924,01/09/2015,01/22/2015
65040987,01/19/2015,02/13/2015
65084673,03/24/2014,04/09/2014
65109838,08/29/2014,10/21/2014
65142104,01/15/2015,01/16/2015
65196763,05/13/2014,06/18/2014
65241476,04/23/2014,05/14/2014
65339052,10/29/2014,02/04/2015
65359351,07/02/2014,08/22/2014
65432872,07/31/2014,09/09/2014
65473515,02/25/2014,04/10/2014
65491970,12/03/2014,12/18/2014
65503323,03/17/2014,04/29/2014
65584833,06/12/2014,06/13/2014
65624920,02/03/2015,02/17/2015
65729139,03/26/2015,03/30/2015
65900302,11/28/2014,12/07/2014
65939726,04/07/2014,04/09/2014
66152834,10/27/2014,11/15/2014
66208752,03/06/2015,03/26/2015
66208752,07/21/2014,08/29/2014
66292788,04/08/2014,05/08/2014
66377920,09/22/2014,11/17/2014
66379681,04/08/2014,05/23/2014
66403711,12/16/2014,02/24/2015
66459915,12/29/2014,01/13/2015
66510340,06/02/2014,06/10/2014
66541807,03/24/2015,03/24/2015
66603223,01/14/2014,04/07/2014
66617081,05/07/2014,05/07/2014
66617081,11/22/2013,04/14/2014
66684912,06/13/2014,06/26/2014
66713261,12/24/2014,01/23/2015
66713261,09/30/2014,11/06/2014
66722696,10/30/2014,01/19/2015
66745585,01/23/2015,01/29/2015
66861117,02/28/2014,04/22/2014
66927377,06/04/2014,07/03/2014
66945197,03/24/2014,04/15/2014
66980129,08/06/2014,08/27/2014
67016438,11/24/2014,01/06/2015
67022691,07/31/2014,09/15/2014
67055491,03/16/2015,01/08/2015
67078388,05/14/2014,06/02/2014
67170077,07/02/2014,08/12/2014
67187588,12/15/2014,12/17/2014
67269622,08/18/2014,09/01/2014
67276005,10/03/2014,11/10/2014
67299555,11/15/2013,12/05/2014
67378757,11/05/2014,12/08/2014
67582317,05/01/2014,06/01/2014
67678799,06/11/2014,07/01/2014
67742121,03/24/2015,
67744010,05/01/2014,06/17/2014
67816783,12/30/2014,01/19/2015
67832643,12/05/2014,01/23/2015
67832643,09/05/2014,10/16/2014
67869633,11/19/2014,01/29/2015
67869633,03/30/2015,01/14/2015
67895432,04/07/2014,04/24/2014
67941381,11/04/2014,12/03/2014
67947326,11/05/2014,12/12/2014
68041122,03/30/2015,03/30/2015
68086239,12/10/2014,12/11/2014
68104381,01/30/2014,04/16/2014
68243385,01/15/2015,02/22/2015
68261647,05/28/2014,06/25/2014
68297533,02/07/2014,04/01/2014
68310823,12/22/2014,01/02/2015
68326524,04/03/2014,04/15/2014
68375203,07/04/2014,08/21/2014
68396018,10/14/2014,12/19/2014
68407455,10/14/2014,10/23/2014
68494657,03/05/2015,
68501376,03/28/2014,05/02/2014
68582003,11/06/2014,12/11/2014
68602438,07/17/2014,08/14/2014
68610701,08/06/2014,08/15/2014
68636561,11/25/2014,01/16/2015
68737371,02/02/2015,
68746862,05/20/2014,05/21/2014
68835296,08/21/2014,08/28/2014
68835296,02/27/2014,04/29/2014
68948242,02/11/2015,03/20/2015
68962534,11/13/2014,01/13/2015
68965312,04/02/2014,05/15/2014
69111965,01/27/2015,02/18/2015
69129143,07/31/2014,09/08/2014
69148442,11/25/2014,11/28/2014
69185931,07/30/2014,09/18/2014
69282920,12/04/2014,12/16/2014
69339152,08/13/2014,09/15/2014
69340796,03/19/2014,04/15/2014
69355266,12/24/2014,02/10/2015
69361767,03/18/2015,03/17/2015
69364547,08/12/2014,09/19/2014
69384463,03/28/2014,05/20/2014
69417402,11/19/2014,12/04/2014
69426935,04/29/2014,05/29/2014
69500722,04/09/2014,04/30/2014
69547530,09/25/2014,10/27/2014
69558560,02/23/2015,
69653455,07/31/2014,09/02/2014
69684100,06/09/2014,06/26/2014
69699891,11/20/2014,01/14/2015
69796188,06/19/2014,08/01/2014
69796188,03/31/2014,05/02/2014
69874247,11/20/2014,01/21/2015
70039210,09/05/2014,10/16/2014
70118710,09/12/2014,09/26/2014
70153218,06/30/2014,07/02/2014
70158097,12/29/2014,02/09/2015
70193946,11/19/2014,01/29/2015
70193946,03/26/2015,01/14/2015
70227645,07/03/2014,07/21/2014
70233360,03/25/2015,03/25/2015
70257311,02/11/2015,03/30/2015
70350042,10/21/2014,11/27/2014
70378747,06/30/2014,08/14/2014
70632615,03/03/2015,03/04/2015
70643609,03/26/2014,05/19/2014
70729558,05/01/2014,06/11/2014
70748608,10/29/2014,01/06/2015
70769711,07/30/2014,08/08/2014
70775732,04/29/2014,06/11/2014
70780450,09/10/2014,09/19/2014
70852287,02/17/2015,
70878759,01/09/2015,01/28/2015
70888590,10/21/2014,11/27/2014
70995000,05/07/2014,07/03/2014
71003705,10/02/2014,10/31/2014
71111363,03/28/2014,04/03/2014
71116848,06/18/2014,06/25/2014
71151341,10/28/2014,11/10/2014
71151341,03/18/2014,06/25/2014
71182326,05/12/2014,05/29/2014
71186554,03/16/2015,
71201525,04/25/2014,04/28/2014
71231088,07/16/2014,08/07/2014
71269621,07/14/2014,07/23/2014
71302228,09/12/2014,09/26/2014
71326989,09/19/2014,11/04/2014
71349396,11/05/2014,11/05/2014
71435348,08/02/2014,09/09/2014
71460416,05/02/2014,05/13/2014
71539043,03/25/2015,
71619659,01/19/2015,01/20/2015
71739207,11/24/2014,11/27/2014
71746675,05/14/2014,07/09/2014
71839326,04/01/2014,04/23/2014
71848408,03/31/2014,04/16/2014
71888949,03/23/2015,03/18/2015
71897491,01/09/2015,02/27/2015
71941023,05/01/2014,06/05/2014
72039821,02/05/2015,02/10/2015
72039821,06/19/2014,08/14/2014
72046618,11/27/2014,12/03/2014
72047112,07/02/2014,08/22/2014
72062894,09/17/2014,10/30/2014
72163272,06/19/2014,11/17/2014
72307763,05/02/2014,05/02/2014
72361507,03/03/2014,04/22/2014
72376773,08/12/2014,08/22/2014
72453391,07/31/2014,08/19/2014
72542554,10/06/2014,11/18/2014
72544465,03/20/2015,03/30/2015
72544465,05/01/2014,06/25/2014
72582718,05/28/2014,07/04/2014
72590190,03/19/2014,04/08/2014
72641484,05/20/2014,06/10/2014
72692044,03/20/2014,04/25/2014
72716212,09/25/2014,10/22/2014
72769548,05/08/2014,05/15/2014
72870926,11/28/2014,01/02/2015
72901619,05/06/2014,06/26/2014
72934742,08/21/2014,08/28/2014
72934742,01/05/2015,02/17/2015
72937061,01/23/2015,01/29/2015
72956445,01/23/2014,06/17/2014
72970329,11/19/2014,01/19/2015
72972074,07/04/2014,07/04/2014
73023689,07/31/2014,08/26/2014
73034917,02/19/2015,
73038429,06/23/2014,10/13/2014
73111733,04/08/2014,04/24/2014
73193002,06/23/2014,08/05/2014
73202107,10/17/2014,11/27/2014
73274159,05/09/2014,05/12/2014
73298481,06/30/2014,07/21/2014
73314492,12/05/2014,12/11/2014
73327130,03/25/2014,04/03/2014
73327130,04/17/2014,04/25/2014
73348594,03/19/2015,03/19/2015
73383859,01/26/2015,03/16/2015
73399200,02/10/2014,04/16/2014
73415435,02/24/2015,02/25/2015
73419646,06/02/2014,07/17/2014
73520276,11/15/2013,11/20/2014
73556323,07/28/2014,08/01/2014
73598758,08/18/2014,09/18/2014
73598758,08/18/2014,09/29/2014
73674646,10/02/2014,10/31/2014
73695676,07/02/2014,07/31/2014
73737395,03/24/2015,03/24/2015
73744666,05/29/2014,07/08/2014
73748765,02/07/2014,04/15/2014
73759316,11/20/2014,01/13/2015
73964506,03/25/2015,
73987702,10/23/2014,11/10/2014
74014961,01/13/2014,04/17/2014
74018649,05/19/2014,06/19/2014
74140084,09/25/2014,10/07/2014
74171018,08/11/2014,09/01/2014
74171018,11/11/2014,11/13/2014
74182332,11/05/2014,11/13/2014
74192057,04/22/2014,05/01/2014
74214657,01/16/2015,02/02/2015
74264422,11/11/2014,11/30/2014
74308180,02/04/2015,03/23/2015
74322389,03/02/2015,
74350011,06/19/2014,06/27/2014
74393584,02/12/2015,02/16/2015
74515378,06/26/2014,07/21/2014
74530680,01/09/2015,01/22/2015
74576432,07/01/2014,07/11/2014
74610248,01/08/2014,04/16/2014
74620102,09/16/2014,11/12/2014
74690222,04/22/2014,05/07/2014
74702264,01/15/2015,01/20/2015
74708523,08/21/2014,08/22/2014
74752354,08/04/2014,08/05/2014
74806271,02/18/2015,04/01/2015
74888091,07/10/2014,08/07/2014
74909328,01/23/2015,01/29/2015
74910518,05/08/2014,05/16/2014
74910518,09/18/2014,10/13/2014
74953422,07/16/2014,07/23/2014
75035040,02/12/2015,
75052376,03/06/2015,03/06/2015
75153769,12/01/2014,12/11/2014
75223739,03/26/2014,05/02/2014
75280039,01/06/2015,01/11/2015
75339746,10/02/2014,11/14/2014
75347458,03/19/2014,04/15/2014
75376947,01/21/2015,03/04/2015
75386302,04/29/2014,06/17/2014
75459998,01/29/2015,03/02/2015
75496336,04/07/2014,04/09/2014
75510160,02/20/2015,
75537114,12/05/2014,12/21/2014
75580484,10/24/2014,10/30/2014
75629232,03/26/2014,04/22/2014
75656850,07/17/2014,10/21/2014
75660101,02/20/2015,03/16/2015
75673615,05/01/2014,05/16/2014
75694838,12/30/2014,02/02/2015
75715956,03/27/2014,05/21/2014
75787479,06/18/2014,07/21/2014
75787479,09/11/2014,09/28/2014
75817418,11/14/2014,11/18/2014
75828212,05/07/2014,05/08/2014
75843650,10/13/2014,12/08/2014
75843650,08/29/2014,09/16/2014
75846170,06/12/2014,06/23/2014
76014387,03/31/2014,05/21/2014
76065277,02/18/2015,
76155110,03/02/2015,03/09/2015
76168278,03/24/2015,
76174119,03/04/2015,03/27/2015
76174119,03/31/2014,04/25/2014
76282159,06/11/2014,08/06/2014
76324712,11/24/2014,01/06/2015
76343474,05/29/2014,05/29/2014
76384023,04/28/2014,04/29/2014
76408247,07/17/2014,07/31/2014
76408247,11/17/2014,01/14/2015
76441330,04/08/2014,05/22/2014
76484718,10/08/2014,11/17/2014
76484800,05/12/2014,06/25/2014
76486023,01/15/2015,01/23/2015
76608717,09/18/2014,10/15/2014
76701291,05/01/2014,06/05/2014
76701291,05/01/2014,08/19/2014
76701291,08/20/2014,08/26/2014
76703801,03/24/2015,04/01/2015
76807688,09/16/2014,10/23/2014
76822564,03/25/2015,
76860248,11/25/2014,01/16/2015
76901067,07/07/2014,07/18/2014
76939222,02/10/2015,02/11/2015
76941666,06/25/2014,07/30/2014
76944751,03/13/2014,04/29/2014
76947817,02/27/2014,05/02/2014
76948928,08/29/2014,09/18/2014
77023473,03/31/2014,04/16/2014
77030792,10/09/2014,11/10/2014
77034630,09/23/2014,10/22/2014
77102764,08/14/2014,08/18/2014
77150522,10/27/2014,01/13/2015
77151276,10/15/2013,04/02/2014
77151276,07/09/2014,08/22/2014
77194232,03/03/2014,04/25/2014
77211759,06/05/2014,07/06/2014
77217003,11/24/2014,01/07/2015
77319035,02/23/2014,08/29/2014
77348701,03/11/2015,03/11/2015
77437527,07/21/2014,08/06/2014
77455173,12/19/2014,03/09/2015
77529221,08/08/2014,08/27/2014
77533172,10/03/2014,12/01/2014
77658771,01/14/2015,01/16/2015
77747859,11/21/2014,01/23/2015
77754804,04/01/2014,04/08/2014
77799444,11/25/2014,11/28/2014
77845590,05/01/2014,05/28/2014
77927752,02/17/2015,
77950075,05/01/2014,06/09/2014
78009273,03/30/2015,03/30/2015
78126713,02/12/2015,02/17/2015
78191438,05/13/2014,06/02/2014
78194795,11/25/2014,01/29/2015
78268380,07/01/2014,07/10/2014
78269476,07/02/2014,08/22/2014
78293706,02/27/2014,12/11/2014
78302395,03/19/2015,03/23/2015
78329917,11/05/2014,12/15/2014
78413725,10/22/2014,10/29/2014
78432739,11/24/2014,01/19/2015
78441552,03/26/2014,05/19/2014
78441958,12/15/2014,02/24/2015
78459730,01/27/2015,03/02/2015
78468907,07/07/2014,08/19/2014
78575176,11/14/2014,11/17/2014
78595122,03/24/2015,03/24/2015
78615685,10/24/2014,11/15/2014
78641197,08/14/2014,09/01/2014
78674394,01/19/2015,01/21/2015
78718138,05/13/2014,06/05/2014
78718138,10/03/2014,10/13/2014
78724393,08/28/2014,09/15/2014
78754462,05/15/2014,06/25/2014
78754462,12/30/2014,01/14/2015
78812589,07/04/2014,08/18/2014
78918368,01/24/2014,05/15/2014
78924405,10/03/2014,10/13/2014
78924405,05/13/2014,06/05/2014
79014768,03/24/2014,05/02/2014
79066977,03/24/2015,03/27/2015
79081531,03/28/2014,05/02/2014
79085527,02/27/2014,12/11/2014
79140233,01/19/2015,01/30/2015
79164559,07/28/2014,08/04/2014
79170322,04/17/2014,04/25/2014
79225519,11/25/2013,04/16/2014
79322533,03/31/2014,05/12/2014
79337381,05/14/2014,07/09/2014
79360213,06/16/2014,06/17/2014
79371313,02/02/2015,02/27/2015
79453109,08/04/2014,08/11/2014
79455044,02/20/2015,03/25/2015
79464220,07/28/2014,08/20/2014
79464791,05/12/2014,06/23/2014
79472390,03/24/2014,04/11/2014
79472390,02/04/2015,02/11/2015
79506824,08/07/2014,08/08/2014
79631431,07/02/2014,07/23/2014
79670721,01/13/2015,01/13/2015
79670721,03/31/2015,03/31/2015
79674675,05/21/2014,10/27/2014
79765294,07/04/2014,07/28/2014
79766635,05/08/2014,06/09/2014
79766901,05/16/2014,06/23/2014
79776814,02/06/2015,02/12/2015
79792291,10/28/2014,11/06/2014
79868061,09/25/2014,10/22/2014
79951552,05/09/2014,05/27/2014
79951552,02/25/2015,03/03/2015
79958193,03/18/2015,
79958193,06/11/2014,08/01/2014
80078994,08/11/2014,09/30/2014
80093391,10/29/2014,01/20/2015
80112348,10/23/2014,11/13/2014
80118522,02/17/2014,04/23/2014
80142086,11/25/2013,04/16/2014
80303143,04/28/2014,05/08/2014
80316453,12/12/2014,01/15/2015
80364178,08/22/2014,09/01/2014
80367311,06/04/2014,07/04/2014
80376459,04/24/2014,04/29/2014
80391378,09/10/2014,10/31/2014
80444482,12/09/2014,01/15/2015
80462586,12/15/2014,02/26/2015
80539556,10/13/2014,10/30/2014
80546604,04/28/2014,05/14/2014
80553053,03/31/2015,
80570846,07/01/2014,07/29/2014
80577862,04/02/2014,04/10/2014
80586891,02/12/2015,03/18/2015
80601643,07/25/2014,10/01/2014
80658935,05/01/2014,05/29/2014
80749809,08/01/2014,08/04/2014
80852654,01/21/2015,01/30/2015
80858421,02/06/2014,04/01/2014
80860899,04/10/2014,04/24/2014
80866981,10/02/2014,10/30/2014
80920684,12/31/2014,01/06/2015
80938953,01/26/2015,02/20/2015
80957778,03/31/2014,04/07/2014
81051246,09/25/2014,10/16/2014
81104495,09/22/2014,10/27/2014
81168837,03/19/2015,03/19/2015
81175058,11/05/2014,01/23/2015
81229736,09/26/2014,11/14/2014
81251508,05/01/2014,11/20/2014
81325829,06/10/2014,06/11/2014
81333483,02/27/2015,02/27/2015
81399937,04/29/2014,06/06/2014
81540733,01/15/2015,02/22/2015
81546283,01/30/2015,02/13/2015
81546283,05/30/2014,06/19/2014
81565227,07/01/2014,07/13/2014
81572603,08/13/2014,08/14/2014
81590981,06/06/2014,06/11/2014
81656108,04/07/2014,05/13/2014
81672172,11/12/2014,11/27/2014
81743248,05/02/2014,06/09/2014
81749518,07/04/2014,08/20/2014
81763612,05/07/2014,06/24/2014
81843158,09/26/2014,11/27/2014
81873176,05/08/2014,06/05/2014
81924552,08/10/2014,08/11/2014
81925328,10/14/2014,11/12/2014
81931437,08/22/2014,09/05/2014
82110783,03/31/2014,05/07/2014
82128811,09/26/2014,11/27/2014
82291955,11/17/2014,02/06/2015
82313854,11/06/2014,11/10/2014
82335437,05/29/2014,06/19/2014
82351506,09/17/2014,10/27/2014
82363833,05/01/2014,06/13/2014
82411007,07/18/2014,07/21/2014
82445030,08/08/2014,09/08/2014
82448255,08/07/2014,08/13/2014
82519086,04/07/2014,04/10/2014
82585817,04/23/2014,04/28/2014
82637159,03/12/2015,03/12/2015
82916566,01/22/2015,01/26/2015
82982704,01/09/2015,01/19/2015
82995920,02/22/2015,03/04/2015
83061872,03/23/2015,03/19/2015
83065221,10/16/2014,10/17/2014
83200507,03/30/2014,04/03/2014
83206749,09/22/2014,12/03/2014
83234182,09/19/2014,11/04/2014
83272826,04/04/2014,05/16/2014
83313188,03/18/2014,04/09/2014
83313188,02/24/2014,04/10/2014
83395448,10/30/2013,04/23/2014
83500698,06/24/2014,06/25/2014
83520212,05/06/2014,06/30/2014
83525008,04/02/2014,04/17/2014
83595880,12/19/2014,12/23/2014
83667032,11/27/2014,12/24/2014
83667345,12/11/2014,12/12/2014
83667345,03/12/2015,03/11/2015
83718079,07/25/2014,08/08/2014
83720925,06/11/2014,08/06/2014
83749114,03/02/2015,03/25/2015
83827645,04/01/2014,04/16/2014
83840072,09/22/2014,11/10/2014
83894929,06/05/2014,06/09/2014
83913395,08/29/2014,10/14/2014
83918335,10/29/2014,01/14/2015
83965212,01/05/2015,02/27/2015
83984803,04/28/2014,05/25/2014
84001221,03/10/2015,03/10/2015
84084047,08/06/2014,08/28/2014
84088881,03/25/2015,03/25/2015
84138462,01/09/2015,02/10/2015
84195932,01/15/2015,02/22/2015
84294556,04/17/2014,04/23/2014
84361322,05/01/2014,06/12/2014
84378785,09/29/2014,10/21/2014
84379470,08/22/2014,09/05/2014
84393852,02/04/2015,02/19/2015
84421004,08/21/2014,09/02/2014
84426347,12/04/2014,01/29/2015
84426347,05/01/2014,06/30/2014
84429155,05/01/2014,06/20/2014
84486012,07/13/2014,09/04/2014
84497263,03/26/2015,03/27/2015
84497263,02/13/2015,02/13/2015
84515369,03/28/2014,06/02/2014
84576975,08/22/2014,09/05/2014
84599806,02/11/2015,02/16/2015
84618374,03/28/2014,05/20/2014
84622865,01/15/2015,01/16/2015
84646233,06/13/2014,06/25/2014
84646233,04/10/2014,04/14/2014
84651413,07/07/2014,08/01/2014
84677326,03/25/2015,03/25/2015
84683436,03/25/2014,04/22/2014
84703673,03/10/2015,03/10/2015
84731327,10/06/2014,10/24/2014
84733635,11/25/2014,01/29/2015
84738385,06/13/2014,01/14/2015
84738385,06/13/2014,06/19/2014
84770006,11/20/2014,12/12/2014
84808178,09/12/2014,09/26/2014
84861468,08/08/2014,08/27/2014
84902643,10/24/2014,01/14/2015
84919974,07/08/2014,08/15/2014
84926951,01/19/2015,01/21/2015
85044015,08/22/2014,09/18/2014
85049868,04/01/2014,05/23/2014
85283700,06/04/2014,07/24/2014
85283700,09/23/2014,11/07/2014
85334555,06/03/2014,07/27/2014
85335451,12/05/2014,12/26/2014
85432899,11/04/2014,11/13/2014
85483093,10/27/2014,10/31/2014
85505614,07/07/2014,08/14/2014
85580392,12/12/2014,01/23/2015
85580392,08/11/2014,09/01/2014
85708671,12/11/2014,12/11/2014
85709454,03/26/2014,05/19/2014
85747038,12/15/2014,12/19/2014
85747670,09/10/2014,09/18/2014
85771103,01/20/2015,02/12/2015
85901371,02/09/2015,
85955653,10/17/2014,11/27/2014
85964214,08/05/2014,08/08/2014
85997380,05/01/2014,05/16/2014
86004007,12/18/2014,12/19/2014
86005158,03/26/2014,05/19/2014
86118087,02/12/2015,02/13/2015
86134874,08/14/2014,09/01/2014
86211734,01/26/2015,02/13/2015
86214012,07/29/2014,08/06/2014
86258667,11/03/2014,12/15/2014
86370292,07/08/2014,08/13/2014
86370945,07/16/2013,06/02/2014
86373004,10/28/2014,11/25/2014
86400867,03/19/2015,03/20/2015
86421439,09/11/2014,11/13/2014
86447637,06/16/2014,06/17/2014
86525851,11/11/2014,12/30/2014
86596898,11/05/2014,12/08/2014
86616304,04/09/2014,05/27/2014
86665768,11/05/2013,04/10/2014
86681599,06/20/2014,08/07/2014
86697628,06/17/2014,07/24/2014
86748136,04/14/2014,05/14/2014
86748985,03/18/2015,03/18/2015
86831145,10/24/2014,11/05/2014
86843035,01/09/2015,01/22/2015
86860722,11/07/2014,11/25/2014
86889609,12/12/2014,01/02/2015
86904792,09/23/2014,11/10/2014
86906970,04/09/2014,06/02/2014
86922466,10/24/2014,10/26/2014
86936826,11/26/2013,04/11/2014
86985332,03/31/2014,04/28/2014
87027482,05/12/2014,06/27/2014
87064813,02/12/2015,02/16/2015
87149071,12/03/2014,12/04/2014
87172347,10/23/2014,10/30/2014
87189252,08/29/2014,10/15/2014
87189252,05/01/2014,05/12/2014
87225591,02/14/2014,04/16/2014
87427222,06/11/2014,06/19/2014
87444694,09/23/2014,10/23/2014
87465012,08/18/2014,09/09/2014
87495324,12/19/2014,02/02/2015
87569686,11/14/2013,04/10/2014
87671196,05/16/2014,06/23/2014
87756106,12/08/2014,12/30/2014
87822177,06/16/2014,06/20/2014
87851028,02/06/2015,02/12/2015
87898697,03/12/2015,03/12/2015
87917535,03/12/2015,03/20/2015
87917535,09/26/2014,10/30/2014
87986473,04/30/2014,05/02/2014
88005114,11/17/2014,01/06/2015
88008906,07/09/2014,09/04/2014
88069828,02/28/2014,04/11/2014
88097794,11/24/2014,11/27/2014
88164727,07/22/2014,09/14/2014
88305619,05/29/2014,06/13/2014
88343062,10/02/2014,10/21/2014
88343062,09/09/2014,09/17/2014
88371820,02/17/2015,02/17/2015
88445072,08/08/2014,09/04/2014
88445072,11/18/2014,11/28/2014
88445072,04/14/2014,05/22/2014
88543382,05/13/2014,06/05/2014
88543382,10/03/2014,10/13/2014
88797718,07/04/2014,08/01/2014
88828921,05/01/2014,06/10/2014
88947877,03/23/2015,03/23/2015
88948742,01/14/2015,01/14/2015
88974268,03/17/2015,
88989767,02/18/2014,04/23/2014
88997220,01/21/2015,03/04/2015
89007808,11/17/2014,02/12/2015
89012040,10/13/2014,10/24/2014
89015903,12/18/2014,01/04/2015
89066637,06/02/2014,06/25/2014
89066637,09/16/2014,09/29/2014
89120211,02/13/2015,02/17/2015
89127663,08/29/2014,10/16/2014
89132310,07/04/2014,08/06/2014
89213080,07/07/2014,07/21/2014
89225475,10/07/2014,11/24/2014
89249943,03/11/2014,05/07/2014
89291299,05/12/2014,06/23/2014
89317710,04/05/2014,04/07/2014
89357384,08/06/2014,09/30/2014
89392737,01/22/2015,03/23/2015
89401969,11/14/2014,01/13/2015
89429231,03/24/2014,04/10/2014
89444662,02/16/2015,02/27/2015
89465152,02/25/2015,02/25/2015
89584694,06/16/2014,06/23/2014
89589692,01/09/2015,01/22/2015
89603970,03/10/2015,03/10/2015
89608318,04/10/2014,04/11/2014
89671570,05/28/2014,06/06/2014
89696985,05/07/2014,06/26/2014
89719043,05/01/2014,05/15/2014
89730315,02/03/2015,02/17/2015
89739569,03/03/2014,04/10/2014
89819939,06/13/2014,06/25/2014
89830850,11/19/2014,12/17/2014
89880372,08/18/2014,09/04/2014
89881158,06/11/2014,08/06/2014
89911440,07/02/2013,12/08/2014
89911660,08/22/2014,09/25/2014
89911660,12/17/2014,12/30/2014
89929052,02/03/2014,04/09/2014
89930461,03/18/2015,03/20/2015
89946223,06/26/2014,09/02/2014
89992510,03/20/2015,03/20/2015
90040163,03/11/2015,03/11/2015
90042250,02/26/2015,03/10/2015
90046163,07/10/2014,09/10/2014
90066762,05/14/2014,06/30/2014
90097887,02/27/2015,03/23/2015
90099640,08/27/2013,12/01/2014
90130055,02/02/2015,02/27/2015
90156681,08/05/2014,08/28/2014
90162691,10/13/2014,11/07/2014
90267251,04/28/2014,06/06/2014
90294356,06/03/2014,06/24/2014
90319115,07/28/2014,08/01/2014
90331421,06/13/2014,01/21/2015
90346622,03/30/2015,03/30/2015
90346622,09/16/2014,10/24/2014
90349467,07/24/2014,07/28/2014
90357037,12/01/2014,12/11/2014
90365611,03/03/2015,03/26/2015
90395606,10/29/2014,12/08/2014
90406541,05/21/2014,05/28/2014
90415407,09/29/2014,10/16/2014
90488193,08/25/2014,08/26/2014
90488193,10/11/2013,05/01/2014
90508735,05/01/2014,05/16/2014
90541457,06/11/2014,06/13/2014
90574812,06/03/2014,06/03/2014
90651578,07/02/2014,08/11/2014
90694886,02/12/2014,04/14/2014
90816541,07/08/2014,07/15/2014
90896490,12/05/2014,12/21/2014
90900887,02/17/2014,04/14/2014
90937465,04/15/2014,05/30/2014
90942987,11/27/2014,12/16/2014
90952327,02/02/2015,02/09/2015
91074832,10/05/2014,10/27/2014
91101675,07/04/2014,08/20/2014
91139692,03/16/2015,
91139692,04/29/2014,05/19/2014
91164923,07/04/2014,08/08/2014
91201220,10/06/2014,10/20/2014
91261887,09/16/2014,09/17/2014
91261887,02/02/2015,02/04/2015
91273838,01/13/2015,01/14/2015
91322151,11/24/2014,01/19/2015
91422886,02/23/2015,02/24/2015
91442472,03/27/2014,05/06/2014
91445117,07/31/2014,08/19/2014
91507276,09/08/2014,10/09/2014
91515929,11/24/2014,01/07/2015
91567398,01/15/2015,01/19/2015
91586460,03/24/2015,03/24/2015
91606927,07/15/2014,08/21/2014
91616162,01/13/2015,01/14/2015
91628039,02/26/2015,03/30/2015
91634121,11/17/2014,02/10/2015
91634502,08/04/2014,08/18/2014
91679601,12/09/2014,01/13/2015
91703880,02/23/2014,09/05/2014
91716460,09/17/2014,10/09/2014
91744569,01/26/2015,01/28/2015
91770263,11/04/2014,11/14/2014
91855514,09/26/2014,11/13/2014
91915500,10/31/2014,11/06/2014
91928234,05/28/2014,07/02/2014
91950540,09/10/2014,11/05/2014
91950540,07/11/2014,08/26/2014
92008022,04/01/2014,04/15/2014
92050755,03/09/2015,03/26/2015
92073346,01/15/2015,03/10/2015
92169216,12/15/2014,01/09/2015
92169278,07/16/2013,04/09/2014
92175334,02/25/2015,
92240208,01/22/2015,03/03/2015
92368469,11/10/2014,11/30/2014
92371359,01/30/2015,02/20/2015
92400724,12/29/2014,02/09/2015
92412264,07/25/2014,10/01/2014
92523496,10/15/2014,11/19/2014
92533744,03/25/2014,05/15/2014
92557662,05/21/2014,06/09/2014
92597876,05/01/2014,05/27/2014
92612223,10/24/2014,01/05/2015
92626113,11/20/2014,01/14/2015
92642095,05/01/2014,05/18/2014
92665295,11/19/2014,01/06/2015
92713213,10/24/2014,01/14/2015
92715044,03/23/2015,03/23/2015
92718253,01/20/2015,02/18/2015
92844190,07/28/2014,08/18/2014
92852852,03/21/2014,04/09/2014
92867709,11/04/2014,12/03/2014
92878802,09/12/2014,09/26/2014
92932045,11/17/2014,12/04/2014
92932045,01/08/2015,01/21/2015
92951405,01/13/2015,01/14/2015
92966684,07/30/2014,08/08/2014
92992840,12/16/2014,01/06/2015
92992840,04/29/2014,06/05/2014
93031751,02/11/2015,
93032635,01/22/2015,01/26/2015
93083965,08/07/2014,08/12/2014
93108380,03/18/2015,
93108380,01/20/2015,02/12/2015
93125740,02/02/2015,03/22/2015
93182424,02/04/2015,02/06/2015
93219613,09/26/2014,10/30/2014
93219613,03/23/2015,03/20/2015
93245441,06/18/2014,06/23/2014
93295028,03/28/2014,05/19/2014
93337949,10/29/2014,01/06/2015
93376675,12/11/2014,01/08/2015
93398374,09/18/2014,09/25/2014
93437719,09/22/2014,10/14/2014
93499637,09/18/2014,10/14/2014
93524371,11/04/2014,12/03/2014
93548406,05/01/2014,05/21/2014
93598417,07/30/2014,10/05/2014
93689830,01/29/2015,02/05/2015
93747226,10/22/2014,10/31/2014
93863991,01/19/2015,02/11/2015
93898707,05/09/2014,06/04/2014
94008591,06/13/2014,07/25/2014
94015641,07/18/2014,09/03/2014
94023231,10/04/2013,02/02/2015
94033063,11/04/2014,01/23/2015
94084101,02/27/2014,04/01/2014
94159140,04/03/2014,04/14/2014
94159140,04/14/2014,05/21/2014
94204354,03/24/2015,03/25/2015
94248850,07/03/2014,09/02/2014
94248850,07/03/2014,12/15/2014
94285491,04/07/2014,05/15/2014
94292059,10/29/2014,01/08/2015
94317509,11/21/2014,01/12/2015
94328720,12/09/2014,12/15/2014
94331506,02/28/2014,04/09/2014
94390553,08/29/2014,10/26/2014
94408122,05/01/2014,06/09/2014
94411956,11/17/2014,11/19/2014
94416728,02/26/2015,02/26/2015
94571431,10/15/2014,10/16/2014
94673886,06/27/2014,07/01/2014
94757649,11/24/2014,02/23/2015
94768590,12/03/2014,01/13/2015
94936584,11/10/2014,11/30/2014
94947790,01/19/2015,01/20/2015
95045543,07/28/2014,07/29/2014
95051188,07/02/2014,07/24/2014
95088849,10/22/2014,11/10/2014
95088849,10/23/2014,10/23/2014
95099868,02/16/2015,02/20/2015
95114086,12/10/2014,12/19/2014
95131592,03/25/2014,05/08/2014
95145194,04/01/2014,05/20/2014
95145194,08/10/2014,08/13/2014
95176025,03/26/2015,03/26/2015
95207528,02/09/2015,02/11/2015
95220192,06/02/2014,07/08/2014
95248767,03/31/2014,04/23/2014
95256430,04/28/2014,05/15/2014
95279240,11/04/2014,12/03/2014
95298318,11/25/2014,01/23/2015
95299375,01/22/2015,
95337329,11/17/2014,01/06/2015
95360156,06/11/2014,06/23/2014
95360156,04/02/2014,05/23/2014
95401961,02/20/2015,03/23/2015
95421979,07/02/2014,08/07/2014
95423879,10/08/2014,10/27/2014
95513122,12/16/2014,02/24/2015
95559668,11/19/2014,01/26/2015
95565998,01/19/2015,02/04/2015
95674478,05/19/2014,06/24/2014
95910355,08/05/2014,08/07/2014
95935045,07/09/2014,08/04/2014
95993121,01/30/2015,02/11/2015
96067467,04/09/2014,04/30/2014
96086194,03/23/2015,03/19/2015
96090864,01/14/2015,03/10/2015
96098361,08/18/2014,08/19/2014
96217531,10/16/2014,10/28/2014
96217531,06/13/2014,07/24/2014
96260958,01/23/2014,06/17/2014
96268844,04/23/2014,05/20/2014
96276341,01/03/2014,04/09/2014
96296254,04/09/2014,05/27/2014
96369363,02/11/2014,04/11/2014
96426934,10/22/2014,11/03/2014
96438925,10/29/2014,11/15/2014
96487154,04/07/2014,06/06/2014
96493162,11/25/2014,02/03/2015
96578919,10/27/2014,10/29/2014
96682579,12/05/2013,04/02/2014
96739778,01/29/2015,02/05/2015
96742808,12/05/2014,12/26/2014
96757576,12/04/2014,12/11/2014
96767853,02/16/2015,02/23/2015
96817028,01/14/2015,02/11/2015
96817028,03/04/2015,03/06/2015
96886224,04/03/2014,04/07/2014
96891985,07/28/2014,08/15/2014
96910510,08/06/2014,08/08/2014
97060834,10/27/2014,01/13/2015
97073597,03/12/2015,03/11/2015
97112687,08/15/2014,08/26/2014
97191224,05/16/2014,05/30/2014
97250766,02/11/2015,03/03/2015
97253614,03/28/2014,04/22/2014
97273824,01/27/2015,02/11/2015
97291917,03/30/2014,05/21/2014
97306185,08/22/2014,09/05/2014
97431242,10/14/2014,10/15/2014
97474100,03/23/2015,03/23/2015
97553574,05/13/2014,06/16/2014
97634985,07/31/2014,09/15/2014
97692248,10/08/2014,11/24/2014
97697839,01/18/2015,01/21/2015
97699959,02/12/2015,02/16/2015
97709089,01/21/2015,01/22/2015
97724881,02/04/2015,03/24/2015
97741886,11/25/2014,01/29/2015
97748583,12/12/2014,01/14/2015
97855815,06/06/2014,06/20/2014
97886252,07/07/2014,08/21/2014
97903840,03/28/2014,05/15/2014
97957309,02/03/2015,02/17/2015
97957309,03/18/2014,04/25/2014
97957309,02/13/2015,03/19/2015
97969751,10/14/2014,10/23/2014
97983203,05/01/2014,05/12/2014
97992818,08/01/2014,08/12/2014
98035863,02/21/2014,04/10/2014
98103128,03/10/2015,04/16/2014
98103128,03/10/2015,03/09/2015
98112909,12/05/2014,02/02/2015
98161133,05/03/2014,05/05/2014
98169152,11/03/2014,11/19/2014
98169152,10/07/2014,10/07/2014
98176353,05/29/2014,06/24/2014
98180250,03/24/2015,03/24/2015
98184483,08/01/2014,09/10/2014
98210840,11/25/2014,12/23/2014
98261111,05/29/2014,07/04/2014
98327966,07/02/2014,10/20/2014
98360119,01/17/2014,04/11/2014
98369774,03/26/2015,
98410632,09/15/2014,09/17/2014
98433879,03/11/2014,05/06/2014
98478940,01/09/2015,01/16/2015
98546279,10/31/2014,12/23/2014
98565657,11/25/2014,01/29/2015
98567205,06/11/2014,08/06/2014
98576386,05/20/2014,05/21/2014
98590366,12/09/2014,03/05/2015
98595664,03/02/2015,
98728143,07/17/2014,07/24/2014
98729779,08/18/2014,09/01/2014
98760690,03/16/2015,01/08/2015
98766613,08/20/2014,09/02/2014
98772336,07/03/2014,08/07/2014
98815582,03/10/2015,03/11/2015
98858783,09/25/2014,10/21/2014
98886403,03/23/2015,03/23/2015
98890519,04/10/2014,04/14/2014
98943463,03/27/2014,05/09/2014
98947238,01/28/2014,04/08/2014
98999083,11/04/2014,12/04/2014
98999196,06/02/2014,06/29/2014
99022225,01/15/2015,01/23/2015
99081528,05/01/2014,05/20/2014
99122458,10/14/2014,12/19/2014
99124966,08/07/2014,09/02/2014
99140691,03/23/2015,03/25/2015
99265892,02/27/2015,03/06/2015
99313529,02/03/2015,02/17/2015
99325580,10/21/2014,11/18/2014
99362798,10/24/2014,10/24/2014
99374787,01/13/2015,01/14/2015
99418600,02/05/2014,04/01/2014
99446105,03/24/2015,03/24/2015
99514508,04/23/2014,04/23/2014
99514508,02/16/2015,02/24/2015
99531198,11/19/2014,01/07/2015
99559016,09/26/2014,11/05/2014
99576544,07/30/2014,10/05/2014
99583928,01/08/2015,01/30/2015
99612345,12/08/2014,12/29/2014
99672694,03/25/2014,05/19/2014
99704766,06/23/2014,08/08/2014
99754787,09/18/2014,10/09/2014
99769387,06/03/2014,07/27/2014
99798995,06/24/2014,07/28/2014
99825283,08/08/2014,08/18/2014
99844167,06/09/2014,06/27/2014
99866684,09/05/2014,09/08/2014
99930880,12/14/2014,12/15/2014
