"New ID","Period of care end","Placement Type","Reason placement ended","Legal Statuses"
46167,09/26/2014,"R3","E4A","15/05/14-26/09/14 C1"
178145,12/30/2015,"H5","E8","22/12/11-12/02/13 V2; 12/02/13-30/07/15 V2; 30/07/15-25/08/15 J1; 25/08/15-30/12/15 V2"
200159,03/06/2015,"A4","E11","20/03/13-15/08/13 C1; 15/08/13-06/03/15 E1"
280937,07/03/2014,"U6","E4A","29/06/14-03/07/14 L1"
354654,09/08/2012,"Q2","E4","28/07/12-30/07/12 L1; 30/07/12-08/09/12 V2"
368837,03/06/2013,"K1","E8","04/08/08-20/07/09 C1; 20/07/09-06/03/13 C2"
426390,08/04/2016,"Q2","E8","23/09/04-22/12/05 V2; 22/12/05-28/06/06 C1; 28/06/06-04/08/16 C2"
526031,12/16/2016,"U6","E4A","09/09/15-11/09/15 L1; 11/09/15-18/09/15 L2; 18/09/15-16/12/16 C1"
567068,12/27/2014,"Q2","E44","20/05/13-22/05/13 L1; 22/05/13-24/12/13 V2; 24/12/13-27/12/14 C1"
612372,08/11/2016,"U6","E4A","28/06/16-11/08/16 L1"
612649,09/18/2016,"K2","E8","25/04/09-10/05/10 V2; 10/05/10-18/09/16 C2"
729188,10/28/2015,"Q1","E43","31/12/09-14/01/10 V2; 14/01/10-20/10/11 C1; 20/10/11-28/10/15 C2"
806629,12/19/2016,"P1","E4B","17/12/10-23/12/10 V2; 23/12/10-14/12/11 C1; 14/12/11-19/12/16 C2"
956496,02/13/2015,"U6","E44","24/06/14-30/07/14 V2; 30/07/14-13/02/15 C1"
1130867,02/14/2015,"U6","E44","30/05/14-30/07/14 L1; 30/07/14-30/01/15 C1; 30/01/15-14/02/15 V2"
1149777,01/31/2014,"R3","E4","04/03/13-08/11/13 V2; 08/11/13-31/01/14 C1"
1191881,02/18/2015,"A4","E11","01/07/11-07/07/11 L2; 07/07/11-16/05/12 C1; 16/05/12-18/02/15 E1"
1195551,12/22/2014,"U6","E4","21/12/14-22/12/14 L1"
1332195,01/23/2015,"A4","E11","28/06/11-25/05/12 C1; 25/05/12-23/01/15 E1"
1744440,08/06/2015,"K1","E4A","15/06/15-17/06/15 L1; 17/06/15-18/06/15 L1; 18/06/15-06/08/15 V2"
1744440,10/21/2015,"K2","E4B","16/09/15-21/10/15 J1"
1744440,05/19/2016,"K2","E9","30/11/15-19/05/16 V2"
1761281,01/01/2013,"H5","E8","20/03/09-01/01/13 V2"
1781942,06/21/2013,"M3","E9","18/01/13-21/06/13 V2"
1781942,08/23/2013,"M3","E9","19/07/13-23/08/13 V2"
1857932,02/21/2014,"H5","E8","02/05/02-04/03/03 C1; 04/03/03-21/02/14 C2"
1983778,03/16/2016,"Q2","E8","05/02/14-16/03/16 V2"
2294039,08/14/2012,"Q2","E8","10/09/08-14/08/12 V2"
2348252,08/29/2013,"Q2","E4","30/07/13-29/08/13 V2"
2385607,06/03/2016,"U6","E4B","02/06/16-03/06/16 L1"
2427950,11/03/2012,"Q1","E8","29/08/00-05/09/00 L2; 05/09/00-27/08/02 C1; 27/08/02-03/11/12 C2"
2607590,05/03/2012,"Q2","E4","15/04/11-03/05/12 C1"
2651289,08/08/2013,"Q1","E4","23/08/12-08/08/13 C1"
2897713,05/25/2012,"Q1","E43","13/10/10-25/05/12 C1"
2901591,08/22/2016,"K1","E8","25/06/16-22/08/16 J1"
2924099,09/11/2012,"P1","E4","09/02/07-12/02/07 L1; 12/02/07-11/04/07 V2; 11/04/07-05/03/09 C1; 05/03/09-11/09/12 C2"
3049592,01/29/2015,"A6","E11","02/07/13-15/04/14 C1; 15/04/14-29/01/15 E1"
3105345,12/12/2013,"A4","E11","22/01/10-05/05/10 V2; 05/05/10-12/10/11 C1; 12/10/11-12/12/13 E1"
3140480,01/17/2016,"H5","E8","28/11/13-17/01/16 V2"
3241489,02/16/2017,"U6","E4A","14/02/17-16/02/17 V2"
3371639,10/28/2015,"H5","E8","26/09/11-07/10/11 V2; 07/10/11-22/02/12 C1; 22/02/12-28/10/15 C2"
3397958,06/13/2014,"U6","E4A","02/06/14-13/06/14 L1"
3435224,07/22/2016,"U6","E4A","06/08/15-07/08/15 L1; 07/08/15-22/07/16 V2"
3437648,12/17/2014,"H5","E4A","24/10/14-17/12/14 V2"
3466753,07/15/2015,"K2","E8","04/06/10-27/07/12 C1; 27/07/12-15/07/15 C2"
3535860,08/13/2012,"Q2","E8","22/09/11-23/09/11 L1; 23/09/11-03/10/11 L2; 03/10/11-13/08/12 C1"
3539726,06/06/2012,"Q2","E8","07/08/06-10/08/06 L1; 10/08/06-24/08/06 V2; 24/08/06-31/01/08 C1; 31/01/08-06/06/12 C2"
3597253,11/05/2012,"Q1","E4","22/02/11-05/11/12 C1"
3643008,06/04/2012,"Q2","E8","18/07/94-04/06/12 C2"
3672016,06/30/2015,"U6","E8","26/06/15-30/06/15 V2"
3796275,12/08/2014,"H5","E8","19/10/07-09/11/07 V2; 09/11/07-15/09/09 C1; 15/09/09-08/12/14 C2"
3896478,01/28/2016,"H5","E8","13/01/12-19/01/12 V2; 19/01/12-28/01/16 C2"
3907462,02/09/2015,"P2","E5","11/04/14-09/02/15 V2"
4165640,05/22/2015,"U6","E44","18/09/14-22/05/15 V2"
4286480,12/19/2012,"A6","E11","25/04/09-28/04/09 L1; 28/04/09-21/05/10 V2; 21/05/10-19/12/12 E1"
4516026,12/18/2015,"U6","E4A","13/09/15-15/09/15 L1; 15/09/15-18/12/15 V2"
4542489,10/29/2012,"K2","E8","15/09/12-29/10/12 J1"
4542489,05/15/2014,"K2","E4A","11/03/14-27/03/14 J1; 27/03/14-15/05/14 V2"
4547905,09/27/2013,"Q2","E4","08/06/12-11/06/12 L1; 11/06/12-27/09/13 V2"
4730729,09/11/2014,"Q2","E8","01/08/03-27/08/03 V2; 27/08/03-05/05/04 C1; 05/05/04-11/09/14 C2"
4771625,04/15/2015,"Q2","E8","12/11/12-15/04/15 V2"
4921757,03/18/2016,"Q1","E8","19/05/03-12/06/05 C1; 12/06/05-18/08/05 C1; 18/08/05-18/03/16 C2"
5152296,03/04/2013,"Q2","E4","01/03/13-04/03/13 L1"
5226801,05/12/2012,"R1","E8","10/02/10-12/05/12 V2"
5306379,05/25/2012,"Q2","E4","22/05/12-25/05/12 L1"
5333907,12/19/2016,"Q2","E43","11/11/06-16/01/09 V2; 16/01/09-26/11/09 C1; 26/11/09-19/12/16 C2"
5673159,01/16/2014,"R5","E8","04/08/08-04/03/09 C1; 04/03/09-16/01/14 C2"
5685938,05/02/2012,"Q1","E43","04/02/11-10/02/11 L2; 10/02/11-02/05/12 C1"
5707690,06/29/2012,"P1","E4","04/05/12-29/06/12 C1"
5815849,10/23/2015,"U6","E4B","12/03/15-13/03/15 L1; 13/03/15-23/10/15 V2"
5863084,08/06/2013,"Q2","E4","08/05/12-06/08/13 C1"
5921743,07/04/2013,"A6","E11","13/07/10-16/07/10 V2; 16/07/10-22/12/11 C1; 22/12/11-21/06/12 C2; 21/06/12-04/07/13 E1"
5955446,11/04/2014,"Q2","E8","02/11/01-30/04/02 V2; 30/04/02-04/11/14 V2"
6022854,01/09/2015,"R2","E4A","12/06/09-27/07/10 V4; 27/07/10-09/01/15 V2"
6088039,01/15/2016,"U6","E4B","06/01/16-08/01/16 L1; 08/01/16-15/01/16 V2"
6150872,12/26/2012,"Q1","E8","26/08/09-13/10/10 V2; 13/10/10-13/06/11 C1; 13/06/11-26/12/12 C2"
6282681,04/27/2012,"H5","E8","18/02/10-27/04/12 V2"
6466576,02/25/2015,"U3","E43","05/09/14-25/02/15 C1"
6480902,07/24/2012,"A3","E12","20/05/08-22/05/08 L1; 22/05/08-16/02/09 C1; 16/02/09-24/07/12 E1"
6691549,07/25/2015,"U6","E44","28/07/14-31/07/14 L1; 31/07/14-25/07/15 C1"
6838440,07/28/2015,"U6","E4B","15/06/15-16/06/15 L1; 16/06/15-28/07/15 V2"
6904370,12/11/2012,"Q2","E44","30/08/11-11/12/12 C1"
6934816,12/31/2016,"H5","E8","26/11/15-31/12/16 V2"
7021622,09/08/2014,"U6","E16","16/07/14-08/09/14 V2"
7238162,04/25/2014,"Q2","E4","06/08/13-25/04/14 C1"
7293760,05/12/2012,"Q1","E4","31/12/08-12/05/12 V2"
7502185,04/15/2015,"U6","E4A","17/09/14-08/10/14 V2; 08/10/14-15/04/15 C1"
7531226,02/11/2013,"Q2","E4","16/01/13-18/01/13 L1; 18/01/13-11/02/13 V2"
7531226,10/31/2013,"Q2","E4","18/03/13-31/10/13 V2"
7531226,04/03/2014,"Q2","E4A","25/11/13-03/04/14 V2"
7688550,03/19/2015,"U6","E44","28/11/13-26/02/14 V2; 26/02/14-02/07/14 C1; 02/07/14-19/03/15 C2"
7688591,07/13/2016,"H5","E8","27/10/14-13/07/16 V2"
7696192,11/19/2013,"Q2","E8","04/11/13-07/11/13 L1; 07/11/13-19/11/13 V2"
7766622,05/01/2014,"Q2","E43","15/11/12-03/12/13 V2; 03/12/13-01/05/14 C1"
7954295,03/19/2015,"A4","E11","13/03/13-07/06/13 V2; 07/06/13-05/12/13 C1; 05/12/13-19/03/15 E1"
8030360,11/13/2012,"Q2","E4","08/11/12-13/11/12 L1"
8037945,01/13/2013,"Q2","E4","12/02/11-14/02/11 L2; 14/02/11-13/01/13 V2"
8187894,02/17/2014,"Q1","E4","29/10/13-17/02/14 V2"
8187894,08/07/2015,"U6","E4A","21/04/14-03/10/14 V2; 03/10/14-06/10/14 L1; 06/10/14-08/10/14 L2; 08/10/14-23/05/15 C1; 23/05/15-07/08/15 V2"
8226627,01/01/2014,"Q2","E8","10/12/98-12/02/99 V2; 12/02/99-21/03/00 C1; 21/03/00-01/01/14 C2"
8228348,01/31/2014,"R3","E4","04/03/13-05/11/13 V2; 05/11/13-31/01/14 C1"
8272869,06/10/2016,"U6","E4A","19/01/15-21/01/15 L1; 21/01/15-10/06/16 V2"
8430962,12/31/2015,"U6","E4A","30/12/15-31/12/15 L1"
8514563,10/28/2015,"Q1","E43","31/12/09-14/01/10 V2; 14/01/10-20/10/11 C1; 20/10/11-28/10/15 C2"
8552085,04/24/2015,"U6","E4A","10/04/15-24/04/15 V2"
8589928,06/01/2014,"H5","E8","31/05/11-01/06/14 V2"
8699199,05/08/2012,"Q1","E43","05/04/11-08/05/12 C1"
8796915,08/30/2012,"H5","E8","15/10/08-30/08/12 V2"
8942435,06/26/2015,"U6","E4A","10/01/14-28/05/15 V2; 28/05/15-25/06/15 L1; 25/06/15-26/06/15 L1"
9095313,10/09/2015,"Q2","E8","09/06/10-11/06/10 L1; 11/06/10-24/06/10 L2; 24/06/10-24/01/12 C1; 24/01/12-09/10/15 C2"
9172871,04/02/2012,"K1","E9","15/12/11-02/04/12 J1"
9172871,08/01/2012,"K1","E9","06/07/12-01/08/12 J3"
9230770,03/12/2013,"Q1","E43","15/06/11-12/03/13 V2"
9263645,08/13/2013,"A4","E11","21/04/09-23/04/09 L1; 23/04/09-08/12/10 C1; 08/12/10-13/08/13 E1"
9276204,11/26/2015,"U6","E4B","27/10/15-26/11/15 V2"
9453609,11/25/2012,"Q2","E4","01/06/11-03/06/11 L1; 03/06/11-09/06/11 L2; 09/06/11-25/11/12 C1"
9737297,12/16/2015,"U6","E44","17/04/14-15/01/15 C1; 15/01/15-16/12/15 E1"
9828099,09/24/2014,"K2","E4","09/07/14-24/09/14 J1"
9828099,03/20/2015,"K2","E8","12/12/14-20/03/15 J1"
9828099,02/21/2017,"H5","E8","09/05/16-26/05/16 J1; 26/05/16-21/02/17 V2"
9836037,06/14/2015,"H5","E8","21/04/15-14/06/15 V2"
10026250,06/06/2016,"U6","E4B","03/10/15-06/06/16 L1"
10127140,03/03/2016,"U3","E43","08/09/11-08/05/12 C1; 08/05/12-03/03/16 E1"
10174664,11/23/2016,"H5","E8","22/01/12-24/01/12 L1; 24/01/12-23/11/16 V2"
10288171,08/06/2014,"Q2","E8","03/06/04-16/03/09 V2; 16/03/09-20/10/09 C1; 20/10/09-06/08/14 C2"
10386869,09/29/2014,"H5","E8","03/09/12-29/09/14 V2"
10445971,03/21/2016,"H5","E8","22/03/13-21/03/16 V2"
10489139,10/15/2012,"Q1","E4","13/04/11-15/10/12 V2"
10778020,06/27/2016,"U6","E4A","23/06/16-27/06/16 L1"
10781708,02/15/2013,"Q2","E4","25/01/13-28/01/13 L1; 28/01/13-15/02/13 V2"
10781708,03/28/2017,"P1","E4A","11/02/16-12/02/16 L1; 12/02/16-22/06/16 V2; 22/06/16-16/12/16 C1; 16/12/16-28/03/17 C2"
10790197,08/14/2013,"A5","E12","28/02/11-01/03/11 L1; 01/03/11-07/12/12 C1; 07/12/12-14/08/13 E1"
10990482,03/29/2016,"H5","E8","17/04/15-12/01/16 J1; 12/01/16-29/03/16 V2"
10990482,07/31/2016,"H5","E8","13/05/16-31/07/16 V2"
11020631,07/30/2013,"K1","E4","02/05/13-30/07/13 J1"
11020631,12/05/2013,"R5","E4","19/11/13-05/12/13 J1"
11020631,11/04/2014,"R5","E8","20/09/14-04/11/14 J1"
11164415,11/21/2014,"U6","E13","06/10/14-21/11/14 V2"
11179795,04/28/2016,"H5","E4B","31/12/15-28/04/16 J1"
11311318,10/24/2012,"P1","E4","26/07/11-29/07/11 L1; 29/07/11-24/10/12 C1"
11351223,11/25/2015,"U6","E8","16/11/15-25/11/15 V2"
11549960,03/27/2015,"Q1","E43","13/01/14-27/03/15 V2"
11650482,07/25/2013,"Q1","E44","28/08/12-25/07/13 C1"
11650482,06/03/2016,"U6","E4B","02/06/16-03/06/16 L1"
11676702,06/12/2015,"U3","E4A","15/04/14-30/10/14 L1; 30/10/14-24/11/14 V2; 24/11/14-12/06/15 C1"
11700799,03/04/2016,"A3","E11","09/07/10-12/07/10 L1; 12/07/10-22/12/11 V2; 22/12/11-06/08/12 C2; 06/08/12-04/03/16 E1"
12079259,10/31/2013,"Q2","E4","10/10/13-31/10/13 J1"
12135703,04/21/2013,"Q2","E8","14/12/06-16/11/07 C1; 16/11/07-21/04/13 C2"
12425799,08/14/2016,"H5","E8","06/05/16-14/08/16 V2"
12499115,12/06/2013,"S1","E8","30/08/10-06/12/13 V2"
12565997,06/17/2016,"U6","E4A","18/05/16-20/05/16 L1; 20/05/16-17/06/16 C1"
12597969,06/06/2012,"Q2","E4","01/06/12-06/06/12 V2"
12597969,06/18/2012,"Q2","E4","16/06/12-18/06/12 L1"
12597969,02/19/2014,"Q2","E4","01/01/14-19/02/14 V2"
12597969,02/27/2015,"U6","E8","24/02/15-27/02/15 V2"
12597969,12/08/2016,"U6","E8","01/04/15-08/12/16 V2"
12623624,02/28/2014,"A3","E11","09/12/10-14/07/11 C1; 14/07/11-19/10/11 C2; 19/10/11-28/02/14 E1"
12766794,10/31/2016,"U6","E8","22/10/16-31/10/16 V2"
12843526,03/10/2015,"Q2","E8","16/11/09-10/03/15 V2"
12843775,01/01/2016,"Q2","E8","11/03/04-05/10/04 V2; 05/10/04-12/10/04 L2; 12/10/04-09/11/04 C1; 09/11/04-12/07/05 C1; 12/07/05-01/01/16 C2"
12953638,09/19/2013,"Q2","E5","31/12/09-12/11/10 V2; 12/11/10-19/09/13 C2"
13015070,09/27/2012,"P1","E4","16/06/12-27/09/12 J1"
13115683,08/31/2016,"U3","E4A","19/05/16-31/08/16 V2"
13237262,06/22/2015,"A4","E12","14/02/14-21/07/14 C1; 21/07/14-22/06/15 E1"
13610224,08/08/2013,"H5","E8","25/04/96-07/05/96 V2; 07/05/96-11/03/97 C1; 11/03/97-08/08/13 C2"
13639623,10/03/2014,"U3","E43","22/04/14-03/10/14 C1"
13724198,11/19/2015,"H5","E9","15/06/15-16/06/15 J1; 16/06/15-19/11/15 V2"
13861855,11/24/2016,"H5","E8","14/04/15-24/11/16 V2"
13955089,11/23/2016,"U3","E43","07/04/16-23/11/16 V2"
14080441,07/13/2012,"A6","E11","18/12/08-27/11/09 C1; 27/11/09-25/01/10 C2; 25/01/10-13/07/12 E1"
14081430,08/14/2014,"Q1","E5","08/09/03-14/05/04 C1; 14/05/04-14/08/14 C2"
14260737,01/03/2013,"H5","E8","05/04/11-03/01/13 V2"
14263418,07/31/2014,"U6","E4A","08/05/14-31/07/14 V2"
14526835,07/17/2013,"Q2","E44","17/10/12-17/07/13 C1"
14567013,04/30/2014,"Q2","E4A","16/01/14-17/01/14 L1; 17/01/14-30/04/14 V2"
14567013,06/04/2014,"U6","E4","08/05/14-04/06/14 V2"
14567013,11/10/2014,"U6","E4B","24/06/14-10/11/14 V2"
14567013,09/16/2015,"U6","E4A","01/12/14-16/09/15 V2"
14567013,01/25/2016,"U3","E8","05/12/15-25/01/16 V2"
14576639,01/01/2016,"Q2","E8","03/05/12-01/01/16 V2"
14772518,06/06/2013,"Q1","E44","23/05/11-11/10/11 V2; 11/10/11-06/06/13 C1"
14826830,02/16/2017,"K1","E9","16/11/16-16/02/17 J1"
14887924,05/03/2012,"Q1","E44","18/04/11-03/05/12 V2"
14915361,01/22/2016,"U6","E4B","24/12/15-26/12/15 L1; 26/12/15-22/01/16 V2"
14944631,03/06/2015,"H5","E8","27/01/15-06/03/15 V2"
14988319,07/25/2013,"U6","E44","20/05/11-25/07/13 V2"
15288781,12/12/2014,"K1","E9","25/03/14-12/12/14 J1"
15337913,02/29/2016,"A6","E12","14/10/13-22/12/14 V2; 22/12/14-29/02/16 E1"
15414241,02/25/2015,"U3","E43","05/09/14-25/02/15 C1"
15423022,08/28/2013,"H5","E8","10/06/10-02/09/10 V2; 02/09/10-12/07/11 C1; 12/07/11-28/08/13 C2"
15496758,08/09/2013,"H5","E4","11/03/13-09/08/13 V2"
15601962,12/21/2014,"H5","E8","18/03/11-27/03/12 V2; 27/03/12-09/05/12 C1; 09/05/12-21/12/14 C2"
15619989,05/02/2013,"A4","E11","16/09/11-09/02/12 C1; 09/02/12-02/05/13 E1"
15651254,10/09/2013,"Q2","E4","07/10/13-09/10/13 V2"
15975467,11/25/2013,"K1","E4","09/10/13-25/11/13 J1"
16007881,06/17/2016,"U6","E4A","18/05/16-20/05/16 L1; 20/05/16-17/06/16 C1"
16009972,01/12/2016,"U6","E8","30/12/15-12/01/16 L1"
16231252,08/29/2014,"R5","E9","07/03/14-29/08/14 J1"
16281498,01/10/2015,"K2","E8","07/03/08-10/01/15 V2"
16400865,12/03/2013,"Q2","E8","21/09/10-03/12/13 V2"
16459169,12/28/2015,"Q2","E8","04/12/13-28/12/15 V2"
16589606,03/13/2014,"Q2","E8","10/07/06-13/07/06 L2; 13/07/06-19/05/08 C1; 19/05/08-13/03/14 C2"
16678923,02/29/2016,"A6","E12","14/10/13-22/12/14 V2; 22/12/14-29/02/16 E1"
16764301,11/05/2012,"Q1","E4","13/04/11-05/11/12 V2"
16816342,01/30/2013,"Q2","E4","08/03/11-09/03/11 L1; 09/03/11-03/08/11 V2; 03/08/11-30/01/13 C1"
17157095,01/05/2015,"K1","E8","28/06/14-05/01/15 J1"
17213107,01/10/2017,"R5","E9","31/10/16-10/01/17 J1"
17355852,07/19/2014,"H5","E8","07/10/13-19/07/14 V2"
17522930,03/19/2014,"Q2","E8","18/03/14-19/03/14 L1"
17902988,10/30/2014,"H5","E8","02/01/13-30/10/14 V2"
17938976,11/21/2012,"Q1","E43","21/12/11-21/11/12 C1"
17955780,09/24/2012,"H5","E8","25/11/09-24/09/12 V2"
18060786,02/26/2014,"Q2","E4","20/02/12-26/02/14 C1"
18815370,09/22/2015,"P1","E8","24/06/05-05/04/06 C1; 05/04/06-22/09/15 C2"
18909097,01/05/2017,"R5","E8","22/10/16-05/01/17 J1"
18990980,09/10/2012,"Q1","E4","07/04/11-08/04/11 L1; 08/04/11-30/06/11 V2; 30/06/11-10/09/12 C1"
19004569,08/09/2013,"H5","E8","28/11/08-01/12/08 L1; 01/12/08-14/04/11 C1; 14/04/11-09/08/13 C2"
19020675,08/20/2014,"H5","E8","06/06/14-20/08/14 V2"
19020675,05/05/2015,"H5","E8","07/01/15-05/05/15 V2"
19045311,05/26/2013,"H5","E8","10/06/10-26/05/13 V2"
19066600,04/01/2014,"Q2","E4A","03/12/13-06/12/13 L1; 06/12/13-01/04/14 V2"
19078242,09/06/2012,"K2","E8","22/10/09-23/05/11 V2; 23/05/11-06/09/12 C2"
19360264,05/04/2012,"K2","E8","02/04/12-04/05/12 V2"
19485009,05/22/2015,"A6","E11","19/12/13-26/06/14 C1; 26/06/14-22/05/15 E1"
19519036,11/26/2014,"Q2","E8","07/09/04-13/09/04 L2; 13/09/04-21/10/05 C1; 21/10/05-26/11/14 C2"
19560636,12/15/2014,"U6","E4","14/12/14-15/12/14 L1"
19560636,03/04/2015,"U6","E4A","02/03/15-04/03/15 V2"
19619355,05/16/2012,"Q1","E44","31/01/11-09/02/11 L2; 09/02/11-16/05/12 V2"
19674727,09/10/2012,"Q1","E4","07/04/11-08/04/11 L1; 08/04/11-16/06/11 V2; 16/06/11-10/09/12 C1"
19721998,07/28/2014,"Q2","E44","19/04/13-28/07/14 C1"
19768318,11/23/2014,"Q2","E8","03/08/11-23/11/14 V2"
19862662,03/13/2016,"H5","E8","05/02/04-13/03/16 C2"
20091526,08/02/2013,"R5","E9","17/12/12-06/07/13 V2; 06/07/13-02/08/13 J1"
20166185,06/27/2013,"Q2","E4","07/12/12-27/06/13 V2"
20166185,10/09/2013,"Q1","E4","11/07/13-09/10/13 V2"
20166185,02/28/2014,"K2","E4","05/12/13-28/02/14 V2"
20230057,05/30/2012,"Q2","E44","12/09/08-06/09/10 C1; 06/09/10-30/05/12 C2"
20315017,06/27/2013,"Q2","E8","22/01/12-24/01/12 L1; 24/01/12-27/06/13 V2"
20661268,07/22/2015,"U6","E44","28/07/14-31/07/14 L1; 31/07/14-22/07/15 C1"
20728743,10/17/2014,"A4","E11","11/07/13-06/03/14 C1; 06/03/14-17/10/14 E1"
21100065,10/09/2015,"A6","E11","30/04/14-06/05/14 V2; 06/05/14-23/12/14 C1; 23/12/14-09/10/15 E1"
21177800,07/01/2016,"U6","E4A","10/05/16-01/07/16 L1"
21229286,09/20/2014,"Q2","E8","03/01/03-30/04/04 C1; 30/04/04-20/09/14 C2"
21242919,06/01/2015,"A4","E11","08/07/13-13/05/14 C1; 13/05/14-01/06/15 E1"
21269680,08/02/2012,"K1","E9","18/07/12-02/08/12 J1"
21269680,10/31/2013,"K1","E9","10/10/13-31/10/13 J1"
21367529,04/21/2015,"H5","E8","09/01/14-21/04/15 V2"
21413541,02/18/2014,"A6","E11","27/11/12-18/03/13 C1; 18/03/13-18/02/14 E1"
21637335,01/03/2014,"H5","E8","18/06/09-16/06/10 C1; 16/06/10-03/01/14 C2"
21640663,01/05/2014,"H5","E8","04/02/11-05/01/14 V2"
21647111,04/09/2015,"A6","E11","25/03/13-05/09/13 C1; 05/09/13-09/04/15 E1"
21702719,03/31/2014,"Q2","E4","25/10/13-31/03/14 C1"
21792251,10/06/2012,"R2","E8","20/01/11-06/10/12 J1"
21846517,12/09/2013,"H5","E8","19/11/12-09/12/13 V2"
21863309,03/19/2014,"H5","E4","16/01/14-19/03/14 J1"
21926737,06/21/2012,"Q1","E8","22/01/09-27/10/10 C1; 27/10/10-21/06/12 C2"
21930639,10/09/2015,"A6","E11","30/04/14-06/05/14 V2; 06/05/14-23/12/14 C1; 23/12/14-09/10/15 E1"
22162658,02/17/2015,"Q2","E8","21/02/97-06/03/98 C1; 06/03/98-17/02/15 C2"
22202034,01/11/2016,"H5","X1","04/12/15-23/12/15 V2; 23/12/15-11/01/16 V2"
22278232,02/28/2013,"K1","E4","21/02/13-28/02/13 J1"
22340473,02/14/2015,"U6","E44","30/05/14-30/07/14 L1; 30/07/14-30/01/15 C1; 30/01/15-14/02/15 V2"
22483262,03/19/2017,"H5","E8","27/04/11-12/05/11 V2; 12/05/11-06/12/12 C1; 06/12/12-19/03/17 C2"
22576705,12/24/2016,"H5","E8","02/06/15-24/12/16 V2"
22606995,11/11/2015,"H5","E8","06/02/14-11/11/15 V2"
22661966,04/18/2013,"Q1","E43","24/04/12-18/04/13 V2"
22796482,11/28/2016,"A4","E11","03/03/14-19/06/15 C1; 19/06/15-28/11/16 E1"
22877654,09/29/2013,"H5","E5","06/08/12-29/09/13 V2"
22903960,03/03/2017,"U6","E8","03/12/04-21/10/05 V2; 21/10/05-03/11/05 V2; 03/11/05-03/03/17 V2"
22917623,10/15/2013,"P2","E8","15/08/13-15/10/13 V2"
22924378,06/20/2016,"A4","E11","12/03/14-13/03/14 L1; 13/03/14-20/03/14 L2; 20/03/14-22/12/14 C1; 22/12/14-20/06/16 E1"
22939242,10/18/2013,"Q2","E4","11/10/13-12/10/13 L1; 12/10/13-18/10/13 V2"
23009684,12/19/2012,"H5","E8","24/10/08-08/01/09 V2; 08/01/09-19/12/12 V2"
23013364,02/19/2016,"A3","E12","06/10/11-24/08/12 C1; 24/08/12-19/02/16 E1"
23028310,01/20/2015,"U6","E8","14/01/15-20/01/15 V2"
23051478,01/03/2015,"H5","E8","07/06/13-03/01/15 V2"
23228478,06/27/2012,"Q2","E4","25/06/12-27/06/12 L1"
23245683,11/17/2014,"A4","E11","30/09/13-17/11/14 V2"
23341860,04/24/2015,"U3","E44","08/08/14-24/04/15 V2"
23350290,02/25/2015,"U6","E4A","16/01/15-25/02/15 V2"
23596834,05/30/2012,"Q2","E43","12/09/08-06/09/10 C1; 06/09/10-30/05/12 C2"
23693184,10/17/2013,"Q2","E8","11/03/04-05/10/04 V2; 05/10/04-12/10/04 L2; 12/10/04-09/11/04 C1; 09/11/04-12/07/05 C1; 12/07/05-17/10/13 C2"
23729411,05/09/2014,"Q1","E44","14/04/13-15/04/13 L1; 15/04/13-19/04/13 V2; 19/04/13-09/05/14 V2"
23748229,05/16/2013,"K1","E9","05/07/10-16/05/13 V2"
23748229,06/11/2014,"H5","E9","15/05/14-11/06/14 V2"
23857732,05/15/2015,"Q1","E8","02/06/09-15/05/15 V2"
23947511,02/11/2015,"U3","E43","11/08/14-11/02/15 C1"
23999963,09/09/2016,"H5","E8","15/06/15-28/10/15 J1; 28/10/15-09/09/16 V2"
24028992,05/20/2016,"A4","E12","08/07/15-20/08/15 C1; 20/08/15-20/05/16 E1"
24160273,10/02/2013,"A4","E11","05/07/11-17/07/12 C1; 17/07/12-02/10/13 E1"
24444976,05/02/2013,"H5","E8","19/11/09-02/05/13 V2"
24579132,05/27/2015,"H5","E8","16/01/15-27/05/15 V2"
24582472,02/20/2015,"U6","E4A","03/09/14-20/02/15 C1"
24586379,04/14/2016,"K1","E8","30/03/16-14/04/16 J1"
24764749,06/11/2012,"A3","E11","21/12/09-19/03/12 V2; 19/03/12-11/06/12 E1"
24808096,08/04/2012,"H5","E8","01/02/12-04/08/12 V2"
24936352,06/24/2015,"K1","E8","29/05/15-24/06/15 J1"
24985128,01/29/2014,"A4","E11","23/05/12-25/05/12 L1; 25/05/12-10/01/13 C1; 10/01/13-29/01/14 E1"
25084745,07/16/2013,"Q2","E4","12/07/13-16/07/13 L1"
25183818,08/26/2014,"H5","E8","06/08/14-26/08/14 V2"
25194683,03/23/2016,"H5","E8","14/03/16-23/03/16 V2"
25194683,12/18/2016,"H5","E8","19/08/16-18/12/16 V2"
25386833,06/03/2015,"U6","E4B","20/03/15-03/06/15 V2"
25512508,02/17/2014,"R3","E4","17/12/13-17/02/14 V2"
25512667,09/16/2014,"K1","E9","19/03/14-16/09/14 J1"
25735980,09/07/2016,"H5","E8","09/10/14-07/09/16 V2"
25794628,06/13/2016,"U6","E4A","09/06/16-13/06/16 V2"
25809574,05/11/2016,"H5","E8","11/03/15-11/05/16 V2"
25849201,08/16/2013,"A4","E12","16/02/11-22/08/11 V2; 22/08/11-16/08/13 E1"
25969667,07/08/2013,"A4","E11","13/07/09-24/03/11 C1; 24/03/11-08/07/13 E1"
26223279,06/19/2014,"U6","E4A","12/06/14-19/06/14 V2"
26225182,03/31/2017,"H5","E8","17/12/16-31/03/17 J1"
26243226,07/26/2012,"Q1","E43","05/10/11-14/10/11 V2; 14/10/11-26/07/12 C1"
26328578,01/21/2016,"Q1","E8","19/09/07-21/09/07 L1; 21/09/07-03/10/07 V2; 03/10/07-30/09/08 C1; 30/09/08-21/01/16 C2"
26418531,07/09/2013,"Q2","E4","05/07/13-08/07/13 L1; 08/07/13-09/07/13 V2"
26579089,04/20/2014,"Q2","E4B","28/02/14-20/04/14 V2"
26656714,12/23/2014,"A4","E11","17/07/12-20/07/12 L1; 20/07/12-23/08/12 V2; 23/08/12-12/07/13 C1; 12/07/13-23/12/14 E1"
26692303,04/27/2012,"Q1","E43","09/04/10-27/04/12 V2"
26782858,07/15/2015,"P1","E13","04/12/13-15/07/15 C1"
26919481,04/07/2014,"H5","E8","21/03/03-24/03/03 L1; 24/03/03-03/04/03 L2; 03/04/03-29/10/04 C1; 29/10/04-07/04/14 C2"
27176958,07/03/2014,"U6","E4A","29/06/14-03/07/14 L1"
27426702,12/31/2016,"Q2","E8","23/12/99-31/12/16 V2"
27638736,12/19/2014,"P1","E4A","28/11/13-29/11/13 L2; 29/11/13-04/02/14 V2; 04/02/14-19/12/14 C1"
27796449,11/15/2013,"R5","E8","20/06/13-15/11/13 J1"
27851535,11/02/2012,"Q2","E4","23/03/11-25/03/11 L1; 25/03/11-31/03/11 L2; 31/03/11-31/10/12 C1; 31/10/12-02/11/12 V2"
27858378,07/08/2013,"A4","E11","13/07/09-24/03/11 C1; 24/03/11-08/07/13 E1"
28001311,11/24/2016,"H5","E8","22/09/16-24/11/16 J1"
28033942,02/04/2013,"Q2","E4","05/10/11-04/02/13 C1"
28199285,09/27/2013,"Q2","E4","08/06/12-11/06/12 L1; 11/06/12-27/09/13 V2"
28211825,03/26/2013,"A6","E11","21/10/11-09/05/12 C1; 09/05/12-26/03/13 E1"
28283604,08/14/2012,"Q2","E8","12/11/97-14/08/12 C2"
28343295,05/09/2013,"A4","E11","15/05/12-09/05/13 V2"
28514735,11/20/2014,"H5","E8","24/03/14-20/11/14 V2"
28566300,05/27/2016,"U6","E4A","08/10/15-09/10/15 L1; 09/10/15-10/11/15 V2; 10/11/15-27/05/16 C1"
28654302,08/27/2013,"Q1","E44","16/11/12-27/08/13 V2"
28654302,01/28/2014,"Q2","E44","24/12/13-28/01/14 C1"
28716930,08/14/2015,"U6","E4A","08/05/15-14/08/15 V2"
28716930,01/30/2016,"U6","E44","19/08/15-21/08/15 L1; 21/08/15-15/01/16 C1; 15/01/16-30/01/16 V2"
28768500,07/04/2016,"Q2","E8","27/11/12-04/07/16 V2"
28795025,06/17/2013,"A5","E12","02/08/02-02/12/05 V2; 02/12/05-18/04/13 C2; 18/04/13-17/06/13 E1"
28804533,02/10/2013,"H5","E8","15/10/08-10/02/13 V2"
28990861,12/18/2015,"U6","E4B","13/09/15-15/09/15 L1; 15/09/15-18/12/15 V2"
29012015,04/23/2015,"U6","E4A","14/04/15-23/04/15 V2"
29266917,06/07/2012,"Q2","E4","04/06/12-07/06/12 L1"
29279001,08/28/2014,"U6","E4","26/08/14-28/08/14 V2"
29333009,07/07/2012,"Q2","E8","22/03/05-07/07/12 V2"
29488515,05/03/2012,"Q2","E43","24/03/10-25/03/10 L1; 25/03/10-03/05/12 V2"
29539027,03/01/2016,"U6","E44","26/08/15-15/02/16 C1; 15/02/16-01/03/16 V2"
29548895,07/11/2013,"Q2","E44","07/01/13-08/01/13 V2; 08/01/13-11/07/13 C1"
29670292,07/15/2015,"P1","E4A","04/12/13-15/07/15 C1"
29757940,11/16/2016,"U6","E8","27/10/16-16/11/16 V2"
29769512,12/13/2015,"U6","E4A","11/12/15-13/12/15 L1"
29773967,04/15/2015,"U6","E4A","17/09/14-08/10/14 V2; 08/10/14-09/04/15 C1; 09/04/15-15/04/15 V2"
29953614,11/13/2012,"Q2","E4","08/11/12-13/11/12 L1"
30293239,08/22/2013,"Q2","E44","17/10/12-22/08/13 C1"
30382081,07/27/2012,"Q2","E4","20/09/11-27/07/12 V2"
30431501,10/01/2014,"H5","E8","15/11/13-01/10/14 V2"
30464715,01/06/2017,"Q2","E8","04/07/02-07/07/02 L1; 07/07/02-29/07/04 C1; 29/07/04-06/01/17 C2"
30655358,03/08/2014,"Q1","E8","29/01/10-08/03/14 V2"
30822652,05/01/2012,"P1","E8","26/09/06-29/09/06 L1; 29/09/06-03/07/07 V2; 03/07/07-01/05/12 C2"
30822697,01/12/2014,"Q2","E4","13/09/13-12/01/14 V2"
30822697,05/18/2016,"H5","E8","27/08/14-18/05/16 V2"
30867448,03/18/2014,"Q2","E4","14/03/14-17/03/14 L1; 17/03/14-18/03/14 V2"
30998739,03/30/2016,"A4","E12","30/09/09-20/12/10 C1; 20/12/10-08/06/11 C2; 08/06/11-30/03/16 E1"
31101641,06/26/2015,"U6","E4B","27/02/15-26/06/15 V2"
31189017,08/05/2013,"Q2","E4","27/04/10-20/09/11 C1; 20/09/11-05/08/13 C2"
31339776,03/13/2013,"P1","E4","11/05/12-13/03/13 C1"
31339776,12/20/2013,"Q2","E44","24/05/13-20/12/13 C1"
31355997,04/14/2013,"H5","E8","04/03/10-14/04/13 V2"
31709346,05/26/2013,"H5","E8","23/12/08-26/05/13 V2"
31807003,01/13/2013,"Q2","E8","28/09/01-25/07/05 C1; 25/07/05-13/01/13 C2"
32039419,10/07/2016,"U6","E4A","30/09/16-03/10/16 L1; 03/10/16-07/10/16 V2"
32096264,01/20/2016,"Q2","E8","20/05/08-25/06/08 V2; 25/06/08-18/11/09 C1; 18/11/09-20/01/16 C2"
32192541,12/01/2014,"P1","E8","06/07/10-02/09/10 V2; 02/09/10-12/09/11 C1; 12/09/11-01/12/14 C2"
32248759,07/16/2016,"U6","E8","28/01/16-16/07/16 C1"
32300698,05/07/2013,"A4","E11","07/10/11-19/10/12 C2; 19/10/12-07/05/13 E1"
32317745,05/28/2014,"H5","E8","18/07/13-28/05/14 V2"
32348943,03/12/2016,"H5","E8","23/12/14-12/03/16 V2"
32421340,05/14/2014,"U6","E4A","24/04/14-14/05/14 L1"
32487478,04/11/2013,"K2","E9","07/12/12-11/04/13 V2"
32502782,02/17/2013,"H5","E8","05/10/11-17/02/13 V2"
32694659,09/30/2013,"Q2","E4","14/02/13-30/09/13 C1"
32712424,09/05/2012,"H5","E8","04/06/09-05/09/12 V2"
32771204,09/13/2012,"M3","E8","10/09/12-13/09/12 V2"
32771650,05/10/2014,"Q1","E8","10/08/04-10/05/14 V2"
33027443,10/18/2016,"H5","E8","22/06/15-18/10/16 V2"
33149463,11/18/2015,"U6","E4A","12/06/15-18/11/15 V2"
33149463,10/27/2016,"H5","E8","08/03/16-27/10/16 V2"
33149463,02/14/2017,"H5","E8","14/11/16-14/02/17 V2"
33184895,04/13/2012,"Q1","E41","03/03/12-13/04/12 V2"
33259035,11/02/2016,"H5","E8","24/06/05-16/08/05 C1; 16/08/05-05/04/06 C1; 05/04/06-02/11/16 C2"
33270510,05/22/2015,"H5","E8","31/03/15-22/05/15 V2"
33270510,11/15/2016,"H5","E8","07/03/16-15/11/16 V2"
33364879,11/19/2014,"U3","E8","30/04/14-19/11/14 V2"
33443573,04/29/2013,"Q2","E8","23/09/04-22/12/05 V2; 22/12/05-28/06/06 C1; 28/06/06-29/04/13 C2"
33801858,08/31/2012,"A4","E11","23/09/10-14/10/10 V2; 14/10/10-16/04/12 C1; 16/04/12-31/08/12 E1"
33808442,08/29/2012,"H5","E8","23/08/10-29/08/12 V2"
33832689,12/04/2012,"Q2","E43","04/02/10-05/02/10 L1; 05/02/10-08/09/11 V2; 08/09/11-04/12/12 C1"
33919680,08/24/2016,"U6","E8","02/07/14-24/08/16 V2"
33965023,08/30/2016,"P1","E8","24/05/12-22/02/13 C1; 22/02/13-30/08/16 C2"
33976180,10/18/2013,"A4","E11","25/04/09-28/04/09 L1; 28/04/09-21/05/10 V2; 21/05/10-18/10/13 E1"
34015303,07/02/2013,"H5","E8","28/03/12-02/07/13 V2"
34046646,08/05/2015,"Q1","E8","29/07/13-05/08/15 V2"
34154998,01/24/2014,"Q2","E4","12/12/13-24/01/14 V2"
34275629,11/11/2015,"K2","E4A","13/08/15-17/08/15 L1; 17/08/15-26/08/15 V2; 26/08/15-28/08/15 L1; 28/08/15-11/11/15 V2"
34361390,01/12/2016,"U6","E4B","08/01/16-12/01/16 L1"
34432329,08/02/2012,"H5","E8","22/06/11-02/08/12 V2"
34432329,02/12/2013,"H5","E8","31/01/13-12/02/13 V2"
34485297,10/24/2014,"A5","E11","07/02/13-02/08/13 C1; 02/08/13-24/10/14 E1"
34488092,08/13/2012,"Q2","E4","27/04/12-27/07/12 C1; 27/07/12-13/08/12 V2"
34595559,07/30/2012,"Q2","E4","05/01/10-11/01/10 V2; 11/01/10-19/01/10 L2; 19/01/10-30/03/11 C1; 30/03/11-30/07/12 C2"
34653207,07/15/2013,"Q2","E4","11/07/13-13/07/13 L1; 13/07/13-15/07/13 V2"
34696334,08/25/2015,"R5","E8","03/07/15-25/08/15 J1"
34851963,10/04/2015,"H5","E8","13/04/15-04/10/15 V2"
34860281,02/15/2013,"Q2","E4","25/01/13-28/01/13 L1; 28/01/13-15/02/13 V2"
35022391,09/22/2016,"K1","E9","05/08/16-22/09/16 J1"
35038260,06/04/2014,"Q2","E4","12/07/12-04/06/14 C1"
35226435,01/31/2014,"Q2","E8","29/01/14-31/01/14 V2"
35350561,07/26/2013,"Q2","E44","17/10/12-26/07/13 C1"
35446873,04/16/2014,"A5","E11","13/11/12-09/04/13 C1; 09/04/13-16/04/14 E1"
35535338,01/09/2017,"U6","E8","18/11/16-09/01/17 L1"
35558208,01/14/2015,"Q2","E8","07/07/05-25/06/07 V2; 25/06/07-13/02/08 C1; 13/02/08-14/01/15 C2"
35700428,06/10/2014,"Q2","E8","09/06/10-11/06/10 L1; 11/06/10-24/06/10 L2; 24/06/10-24/01/12 C1; 24/01/12-10/06/14 C2"
35734983,07/06/2012,"Q2","E8","12/01/95-06/07/12 V2"
35753618,04/06/2015,"Q2","E8","19/11/09-23/05/11 C1; 23/05/11-06/04/15 C2"
35770048,01/30/2013,"Q2","E8","11/04/12-30/01/13 V2"
35791466,06/13/2016,"U6","E8","05/06/16-07/06/16 L1; 07/06/16-13/06/16 V2"
35821257,03/16/2013,"Q2","E44","26/09/11-27/09/11 L1; 27/09/11-16/03/13 C1"
35822866,05/22/2012,"Q1","E43","20/01/11-22/05/12 C1"
35822866,03/16/2014,"Q2","E4","22/04/13-16/03/14 V2"
35941391,08/28/2015,"U6","E4A","15/10/14-16/10/14 L1; 16/10/14-28/08/15 V2"
35998819,07/20/2012,"K2","E9","25/11/11-20/07/12 V2"
35998819,03/24/2014,"H5","E8","19/04/13-24/03/14 V2"
36020671,01/03/2014,"H5","E4","07/11/13-03/01/14 V2"
36020671,03/31/2014,"H5","E4","16/01/14-31/03/14 V2"
36179673,07/19/2013,"M2","E8","29/04/02-07/05/04 C1; 07/05/04-19/07/13 C2"
36210022,11/19/2014,"U3","E44","30/04/14-19/11/14 V2"
36237725,03/25/2016,"H5","E8","09/08/10-17/09/10 V2; 17/09/10-18/11/11 C1; 18/11/11-25/03/16 C2"
36248245,05/01/2013,"Q2","E8","16/01/04-24/07/06 C1; 24/07/06-01/05/13 C2"
36378699,07/24/2012,"A3","E11","23/02/09-26/02/09 L2; 26/02/09-02/03/09 L2; 02/03/09-07/01/10 C1; 07/01/10-24/07/12 E1"
36390836,09/08/2014,"K1","E8","31/05/14-08/09/14 J1"
36407241,05/22/2013,"Q2","E8","04/05/13-22/05/13 V2"
36467278,10/28/2015,"R5","E8","04/10/02-11/10/02 L2; 11/10/02-25/01/05 C1; 25/01/05-28/10/15 C2"
36716686,06/01/2014,"H5","E8","28/02/13-01/06/14 V2"
36768079,05/28/2013,"Q2","E4","09/11/11-28/05/13 C1"
36824893,07/22/2012,"H5","E8","03/08/11-22/07/12 V2"
36912392,11/18/2013,"Q1","E4","09/09/13-18/11/13 V2"
36941241,05/19/2016,"H5","E8","05/02/14-19/05/16 V2"
37016944,08/16/2013,"Q2","E4","06/01/13-09/01/13 L1; 09/01/13-16/08/13 V2"
37016944,12/25/2016,"H5","E8","01/04/15-25/12/16 V2"
37043732,02/11/2015,"R5","E8","02/10/13-11/02/15 J1"
37138218,12/09/2014,"U6","E4","21/10/14-09/12/14 V2"
37408826,12/04/2014,"H5","E8","31/10/13-04/12/14 V2"
37465385,02/02/2014,"Q2","E4","19/12/13-02/02/14 C1"
37536554,08/10/2015,"U6","E8","12/05/14-14/04/15 L1; 14/04/15-10/08/15 V2"
37640492,07/09/2013,"Q2","E8","05/07/13-08/07/13 L1; 08/07/13-09/07/13 V2"
37661589,01/20/2015,"H5","E8","14/12/06-16/11/07 C1; 16/11/07-20/01/15 C2"
37856134,09/11/2012,"P1","E4","09/02/07-12/02/07 L1; 12/02/07-11/04/07 V2; 11/04/07-05/03/09 C1; 05/03/09-11/09/12 C2"
37948921,05/20/2013,"Q2","E4","14/08/11-16/08/11 L1; 16/08/11-20/05/13 V2"
38013625,05/06/2015,"A4","E11","22/03/13-26/03/13 V2; 26/03/13-04/09/13 C1; 04/09/13-06/05/15 E1"
38088732,12/30/2012,"H5","E8","12/05/11-16/05/11 L1; 16/05/11-30/12/12 V2"
38141634,11/07/2012,"Q2","E4","02/11/12-07/11/12 V2"
38141634,07/24/2013,"Q2","E44","08/11/12-24/07/13 V2"
38198017,02/24/2014,"Q2","E4","05/11/13-24/02/14 C1"
38395931,12/20/2016,"U6","E8","13/12/16-20/12/16 V2"
38435600,01/09/2014,"H5","E8","18/11/08-20/11/08 L1; 20/11/08-09/01/14 C2"
38446943,02/14/2013,"Q1","E43","11/11/11-14/02/13 C1"
38454618,07/01/2016,"U6","E4A","10/05/16-01/07/16 L1"
38488533,08/18/2014,"K1","E9","26/04/14-18/08/14 J1"
38524109,05/28/2013,"Q2","E4","09/11/11-28/05/13 C1"
38533529,08/20/2014,"U6","E4","19/08/14-20/08/14 L1"
38598999,03/06/2014,"H5","E9","30/01/13-06/03/14 V2"
38802887,02/21/2014,"Q1","E4","17/02/14-21/02/14 V2"
38969087,11/27/2015,"Q2","E43","17/09/03-02/12/05 C1; 02/12/05-27/11/15 C2"
39029584,07/31/2012,"S1","E8","27/08/08-31/07/12 V2"
39037807,09/30/2014,"H5","E8","24/06/05-16/08/05 C1; 16/08/05-05/04/06 C1; 05/04/06-30/09/14 C2"
39131834,11/14/2012,"Q2","E4","23/02/12-24/02/12 L1; 24/02/12-09/05/12 V2; 09/05/12-14/11/12 C1"
39252633,07/28/2016,"U6","E4B","08/07/16-11/07/16 L1; 11/07/16-28/07/16 V2"
39372300,10/19/2016,"U6","E4A","17/10/16-19/10/16 V2"
39582394,08/13/2013,"A4","E11","21/04/09-30/04/09 L1; 30/04/09-08/12/10 C1; 08/12/10-13/08/13 E1"
39613632,09/23/2013,"Q2","E4","26/03/13-23/09/13 C1"
39792075,08/26/2016,"U6","E4B","12/08/16-26/08/16 V2"
39836340,03/13/2014,"Q2","E8","20/07/01-15/11/04 C1; 15/11/04-13/03/14 C2"
39884339,06/18/2013,"Q2","E8","27/05/13-18/06/13 V2"
40134216,10/27/2015,"Q2","E8","05/11/02-22/12/03 V2; 22/12/03-27/10/15 C2"
40203463,01/25/2013,"Q2","E4","19/01/13-25/01/13 L1"
40376870,10/10/2012,"Q2","E8","04/08/00-18/08/00 L2; 18/08/00-23/04/01 C1; 23/04/01-10/10/12 C2"
40607286,07/26/2016,"H5","E8","26/06/15-26/07/16 V2"
40746171,12/14/2014,"Q2","E8","04/01/07-14/12/14 V2"
40760832,05/12/2014,"Q1","E4A","31/05/13-12/05/14 V2"
40913750,10/23/2012,"Q1","E43","05/08/11-23/10/12 V2"
40977951,12/31/2016,"H5","E8","30/06/15-31/12/16 V2"
41097215,11/20/2014,"K1","E4","29/10/14-20/11/14 J1"
41381637,03/17/2017,"H5","E8","23/02/17-17/03/17 V2"
41480807,02/14/2015,"U6","E44","30/05/14-30/07/14 L1; 30/07/14-30/01/15 C1; 30/01/15-14/02/15 V2"
41498557,12/14/2016,"H5","E16","02/08/16-14/12/16 J1"
41554824,07/12/2013,"A4","E11","17/10/11-24/01/12 V2; 24/01/12-11/05/12 C1; 11/05/12-12/07/13 E1"
41560557,04/07/2015,"Q2","E4A","11/01/14-14/01/14 L1; 14/01/14-01/05/14 V2; 01/05/14-23/02/15 C1; 23/02/15-07/04/15 V2"
41625062,03/11/2014,"Q2","E8","03/04/01-04/04/01 L1; 04/04/01-06/04/01 L2; 06/04/01-19/12/02 C1; 19/12/02-11/03/14 C2"
41674375,03/27/2013,"H5","E8","08/06/12-27/03/13 V2"
41708406,11/17/2016,"K2","E8","12/11/16-17/11/16 J1"
41735076,10/31/2013,"R5","E4","17/10/13-31/10/13 J1"
41999629,05/22/2014,"A6","E11","03/07/12-17/05/13 V2; 17/05/13-22/05/14 E1"
42065865,12/20/2015,"U6","E8","05/02/13-07/11/14 V2; 07/11/14-20/12/15 V2"
42076799,07/23/2012,"H5","E8","13/06/08-16/06/08 L1; 16/06/08-27/06/08 V2; 27/06/08-12/02/10 C1; 12/02/10-23/07/12 C2"
42094276,02/21/2015,"H5","E8","28/06/11-21/02/15 V2"
42118697,11/02/2012,"Q2","E4","23/03/11-25/03/11 L1; 25/03/11-31/03/11 L2; 31/03/11-31/10/12 C1; 31/10/12-02/11/12 V2"
42141840,06/13/2014,"Q2","E4A","04/12/13-23/05/14 C1; 23/05/14-13/06/14 V2"
42198119,11/25/2016,"K1","E9","14/07/16-25/11/16 J1"
42287823,12/09/2016,"A6","E11","17/07/15-11/12/15 C1; 11/12/15-09/12/16 E1"
42289135,03/20/2016,"H5","E8","18/03/14-20/03/16 V2"
42498557,11/22/2012,"Q2","E43","05/01/11-07/01/11 L1; 07/01/11-22/11/12 C1"
42602383,07/21/2014,"Q1","E4A","11/11/13-21/07/14 V2"
42640362,02/14/2013,"Q1","E43","11/11/11-14/02/13 C1"
42761526,02/16/2015,"U3","E43","21/08/14-16/02/15 V2"
42790965,12/21/2013,"Q2","E44","26/01/11-28/01/11 L1; 28/01/11-11/12/12 C1; 11/12/12-21/12/13 C2"
42855944,06/30/2015,"U6","E8","26/06/15-30/06/15 V2"
42914654,09/03/2013,"P1","E4","08/09/10-10/09/10 L1; 10/09/10-23/09/10 V2; 23/09/10-03/09/13 C1"
42952044,08/28/2012,"Q2","E8","04/08/10-28/08/12 V2"
43079488,12/27/2014,"Q2","E44","20/05/13-22/05/13 L1; 22/05/13-24/12/13 V2; 24/12/13-27/12/14 C1"
43157941,11/02/2012,"Q2","E4","23/03/11-25/03/11 L1; 25/03/11-31/03/11 L2; 31/03/11-31/10/12 C1; 31/10/12-02/11/12 V2"
43236052,06/13/2014,"U6","E4A","02/06/14-13/06/14 L1"
43326347,02/19/2015,"U6","E16","16/02/15-19/02/15 L1"
43496114,07/13/2012,"A6","E11","14/12/09-29/07/10 C1; 29/07/10-13/07/12 E1"
43551872,11/04/2014,"A4","E11","20/05/11-09/07/13 C1; 09/07/13-04/11/14 E1"
43839950,07/16/2014,"H5","E8","28/11/03-29/09/04 C1; 29/09/04-16/07/14 C2"
43880929,01/22/2014,"Q1","E43","22/08/13-22/01/14 V2"
43904157,09/21/2012,"R3","E4","05/10/11-21/09/12 C1"
44099190,10/15/2013,"Q2","E4","26/11/12-10/10/13 C1; 10/10/13-15/10/13 V2"
44169894,07/01/2015,"Q2","E8","20/07/06-29/01/07 C1; 29/01/07-01/07/15 C2"
44174133,05/18/2016,"U6","E4B","14/05/16-18/05/16 L1"
44335174,10/24/2016,"U6","E4B","20/06/16-21/06/16 L1; 21/06/16-24/10/16 V2"
44351034,04/23/2015,"U6","E4B","14/04/15-23/04/15 V2"
44363580,06/13/2016,"U6","E4A","23/06/15-13/06/16 V2"
44399503,12/21/2013,"Q2","E44","26/01/11-28/01/11 L1; 28/01/11-11/12/12 C1; 11/12/12-21/12/13 C2"
44536235,11/04/2013,"Q2","E8","02/06/11-04/11/13 V2"
44606400,12/31/2014,"H5","E8","20/05/11-31/12/14 V2"
44622192,04/01/2014,"Q2","E4A","03/12/13-06/12/13 L1; 06/12/13-01/04/14 V2"
44657951,07/01/2016,"U6","E4A","10/05/16-01/07/16 L1"
44670432,08/31/2013,"H5","E4","05/06/13-31/08/13 V2"
44770320,09/30/2012,"H5","E8","20/10/11-30/09/12 V2"
44845521,04/14/2015,"A4","E11","26/06/12-30/11/12 C1; 30/11/12-14/04/15 E1"
44868994,09/23/2013,"Q2","E4","26/03/13-23/09/13 C1"
44963593,10/03/2014,"H5","E8","11/02/14-03/10/14 V2"
45109920,09/09/2012,"H5","E8","19/07/11-09/09/12 V2"
45129012,05/08/2015,"U6","E4A","01/05/15-04/05/15 L1; 04/05/15-08/05/15 V2"
45217557,04/08/2012,"H5","E8","18/02/10-08/04/12 V2"
45221659,05/13/2015,"H5","E8","22/12/14-13/05/15 V2"
45298099,11/28/2015,"U6","E4A","30/06/14-03/07/14 L1; 03/07/14-28/11/15 V2"
45356393,12/16/2016,"P1","E4B","14/06/16-16/12/16 C1"
45408152,06/15/2012,"R3","E4","11/06/12-15/06/12 V2"
45443092,06/02/2016,"H5","E8","16/06/09-20/06/09 L1; 20/06/09-14/07/10 V2; 14/07/10-06/08/10 C1; 06/08/10-02/06/16 C2"
45453354,05/15/2012,"Q2","E4","13/04/12-16/04/12 L1; 16/04/12-15/05/12 V2"
45492061,10/09/2013,"H5","E8","10/04/12-09/10/13 V2"
45529025,04/17/2014,"U6","E4A","16/04/14-17/04/14 V2"
45529025,06/06/2014,"U6","E4","01/06/14-06/06/14 V2"
45533808,10/10/2015,"U6","E4A","08/05/15-10/10/15 V2"
45568246,04/24/2015,"U6","E41","09/12/14-24/04/15 C1"
45581851,12/04/2013,"H5","E8","04/04/02-18/11/04 C1; 18/11/04-04/12/13 C2"
45620000,09/29/2014,"P1","E8","29/07/10-11/12/12 C1; 11/12/12-29/09/14 C2"
45719422,01/31/2016,"H5","E8","30/10/13-31/01/16 V2"
45748349,08/09/2014,"Q2","E44","28/11/13-09/08/14 C1"
45833220,08/14/2013,"A5","E12","28/02/11-01/03/11 L1; 01/03/11-07/12/12 C1; 07/12/12-14/08/13 E1"
45880469,02/04/2013,"A6","E11","25/04/09-28/04/09 L1; 28/04/09-21/05/10 V2; 21/05/10-04/02/13 E1"
45907849,04/03/2014,"K1","E4A","29/03/14-03/04/14 J1"
45980143,12/31/2014,"H5","E8","19/10/11-31/12/14 V2"
46028550,01/22/2013,"H5","E8","02/03/02-02/10/12 C2; 02/10/12-22/01/13 V2"
46085760,03/04/2013,"K2","E4","01/03/13-04/03/13 L1"
46088412,11/06/2015,"H5","E8","28/09/15-06/11/15 V2"
46100968,03/28/2014,"Q1","E4","07/11/13-28/03/14 C1"
46181304,01/06/2017,"U6","E4A","12/12/16-06/01/17 V2"
46245778,03/12/2017,"H5","E8","03/02/11-04/02/11 L1; 04/02/11-09/06/11 V2; 09/06/11-30/01/12 C1; 30/01/12-12/03/17 C2"
46290516,07/03/2014,"Q2","E4","07/07/11-03/07/14 V2"
46290516,11/04/2015,"H5","E4B","17/02/15-04/11/15 V2"
46501629,03/01/2013,"Q2","E4","23/02/13-01/03/13 V2"
46596665,09/26/2014,"U6","E4","10/05/14-26/09/14 V2"
46666647,02/13/2015,"H5","E8","07/02/12-13/02/15 V2"
47086230,02/10/2014,"H5","E8","07/02/13-10/02/14 V2"
47088795,02/12/2015,"U6","E44","13/06/14-19/06/14 L1; 19/06/14-12/02/15 V2"
47092346,01/31/2017,"U6","E4B","29/01/17-31/01/17 L1"
47238301,02/27/2017,"H5","E8","05/11/15-27/02/17 V2"
47248381,02/02/2015,"U6","E4B","26/01/15-29/01/15 L1; 29/01/15-02/02/15 V2"
47346388,11/07/2014,"U6","E4","12/09/14-15/09/14 L1; 15/09/14-07/11/14 V2"
47478658,10/07/2015,"U6","E4A","06/10/15-07/10/15 V2"
47502510,03/19/2014,"Q2","E4","18/03/14-19/03/14 L1"
47587596,11/17/2015,"U6","E8","14/11/15-17/11/15 L1"
47605923,08/16/2012,"Q2","E3","16/05/12-16/08/12 C1"
47723771,10/15/2013,"Q2","E4","26/11/12-10/10/13 C1; 10/10/13-15/10/13 V2"
47836559,07/31/2013,"M2","E4","02/04/12-31/07/13 V2"
48030504,08/14/2015,"U6","E4A","08/05/15-14/08/15 V2"
48030504,01/30/2016,"U6","E44","19/08/15-21/08/15 L1; 21/08/15-15/01/16 C1; 15/01/16-30/01/16 V2"
48082694,07/24/2014,"Q2","E44","20/09/13-04/06/14 C1; 04/06/14-24/07/14 V2"
48113633,10/19/2012,"Q2","E4","11/10/12-12/10/12 L1; 12/10/12-19/10/12 V2"
48279560,04/17/2014,"U6","E4B","18/03/14-17/04/14 V2"
48352535,12/18/2013,"A5","E11","28/02/11-01/03/11 L1; 01/03/11-07/12/12 C1; 07/12/12-18/12/13 E1"
48404550,08/19/2016,"U6","E4A","16/05/16-19/08/16 L1"
48506524,08/27/2013,"R5","E9","27/07/13-27/08/13 J1"
48544560,03/07/2016,"K2","E4A","27/08/15-07/03/16 J1"
48700245,10/27/2014,"A4","E11","30/10/13-31/10/13 L1; 31/10/13-20/03/14 C1; 20/03/14-27/10/14 E1"
48713456,12/22/2014,"U3","E44","13/06/14-27/06/14 V2; 27/06/14-22/12/14 C1"
48725312,03/02/2015,"U6","E4A","21/01/15-22/01/15 L1; 22/01/15-02/03/15 V2"
49037080,01/13/2015,"H5","E8","30/04/13-13/01/15 V2"
49234849,08/01/2013,"K2","E4","22/03/13-01/08/13 V2"
49234849,01/16/2014,"K2","E2","23/09/13-16/01/14 V2"
49250720,06/28/2013,"Q2","E4","27/04/12-27/07/12 C1; 27/07/12-28/06/13 V2"
49456071,12/18/2013,"A5","E11","28/02/11-01/03/11 L1; 01/03/11-07/12/12 C1; 07/12/12-18/12/13 E1"
49702327,04/03/2016,"Q2","E8","06/08/08-08/08/08 L1; 08/08/08-26/09/08 C1; 26/09/08-08/04/09 C1; 08/04/09-03/04/16 C2"
49731013,06/19/2013,"Q1","E44","09/03/12-19/06/13 C1"
49890262,10/29/2014,"A4","E11","20/07/12-26/09/13 C1; 26/09/13-29/10/14 E1"
49894583,05/21/2016,"H5","E8","28/01/14-21/05/16 V2"
50206330,04/10/2015,"Q2","E8","01/12/06-12/10/07 C1; 12/10/07-10/04/15 C2"
50307300,01/23/2014,"R5","E9","12/12/13-23/01/14 J1"
50310410,05/08/2013,"H5","E8","10/10/12-08/05/13 V2"
50379176,04/04/2012,"K2","E8","04/04/02-08/12/08 C1; 08/12/08-04/04/12 C2"
50480849,12/25/2012,"H5","E8","11/12/09-01/12/10 V2; 01/12/10-25/12/12 C2"
50488603,02/03/2016,"U3","E4B","24/07/15-03/02/16 V2"
50495602,06/29/2012,"P1","E4","04/05/12-29/06/12 C1"
50667419,05/11/2015,"U6","E4B","08/05/15-11/05/15 L1"
50753916,06/13/2012,"A4","E11","30/09/10-10/05/11 C1; 10/05/11-01/12/11 C2; 01/12/11-13/06/12 E1"
50909847,02/13/2017,"H5","E8","05/09/16-13/02/17 V2"
51128592,10/01/2012,"Q2","E4","05/08/12-01/10/12 V2"
51197542,04/09/2013,"K2","E9","07/09/12-09/04/13 J1"
51290077,05/17/2012,"P1","E4","05/11/10-19/11/10 V2; 19/11/10-17/05/12 C1"
51364167,01/12/2017,"U6","E8","11/01/17-12/01/17 V2"
51474567,09/27/2014,"Q2","E8","06/08/13-27/09/14 V2"
51479382,02/18/2015,"A6","E11","13/03/12-15/05/12 C1; 15/05/12-18/02/15 E1"
51567615,10/17/2015,"U6","E4B","23/06/15-17/10/15 C1"
51576560,02/07/2017,"P1","E4A","17/08/16-07/02/17 C1"
51611051,04/12/2014,"Q2","E8","18/07/05-08/05/07 V2; 08/05/07-12/04/14 C2"
51613045,09/17/2014,"U6","E8","18/07/14-17/09/14 J1"
51659478,04/08/2013,"H5","E8","26/04/11-08/04/13 V2"
51769584,07/06/2012,"H5","E8","19/04/12-06/07/12 V2"
51859588,12/19/2012,"Q1","E44","21/07/12-19/12/12 V2"
52005630,09/18/2015,"H5","E8","19/11/13-18/09/15 V2"
52028749,08/02/2016,"U6","E4A","15/07/16-02/08/16 L1"
52072385,07/13/2015,"A4","E11","03/01/14-16/04/14 C1; 16/04/14-13/07/15 E1"
52197247,07/04/2014,"H5","E6","25/04/13-23/05/13 J1; 23/05/13-04/07/14 V2"
52214444,08/15/2013,"Q2","E4","12/10/12-02/08/13 V4; 02/08/13-15/08/13 V2"
52264426,07/26/2015,"K1","E8","10/07/06-13/07/06 L2; 13/07/06-19/05/08 C1; 19/05/08-26/07/15 C2"
52264987,12/18/2016,"H5","E8","11/09/15-18/12/16 V2"
52299551,05/20/2014,"A3","E11","01/11/10-03/11/10 L1; 03/11/10-09/11/10 L2; 09/11/10-23/04/12 C1; 23/04/12-20/05/14 E1"
52405764,05/13/2014,"Q2","E8","14/10/12-13/05/14 V2"
52623093,08/06/2016,"U6","E4B","23/05/16-06/08/16 L1"
52997029,06/06/2013,"H5","E8","18/11/05-06/12/05 L1; 06/12/05-31/01/08 C1; 31/01/08-06/06/13 C2"
53032319,02/19/2016,"H5","E8","13/04/15-19/02/16 V2"
53108041,10/06/2013,"H5","E8","26/05/10-06/10/13 V2"
53147949,04/17/2016,"Q2","E8","22/12/09-20/04/11 V2; 20/04/11-17/04/16 C2"
53260039,01/13/2014,"Q2","E8","06/01/14-13/01/14 V2"
53366463,09/12/2016,"Q2","E43","05/10/08-06/10/08 L1; 06/10/08-23/04/09 V2; 23/04/09-12/11/10 C1; 12/11/10-12/09/16 C2"
53366872,07/07/2013,"H5","E8","09/08/04-07/07/13 V2"
53397070,11/02/2016,"U6","E8","24/04/14-02/11/16 V2"
53568869,12/18/2015,"U6","E4B","13/09/15-15/09/15 L1; 15/09/15-18/12/15 V2"
53591509,01/23/2016,"H5","E8","23/09/14-23/01/16 V2"
53615947,01/16/2015,"U6","E4A","03/10/14-16/01/15 L1"
53664920,07/28/2014,"Q2","E44","29/10/13-28/07/14 C1"
53792231,04/04/2012,"A4","E11","27/08/09-15/12/10 V2; 15/12/10-04/04/12 C2"
53798877,10/10/2012,"H5","E8","25/02/11-10/10/12 V2"
54053305,01/14/2016,"U6","E4B","13/01/16-14/01/16 L1"
54076803,01/25/2013,"R5","E9","07/01/13-25/01/13 J1"
54080817,03/05/2014,"A4","E11","29/06/12-10/07/12 L2; 10/07/12-30/01/13 C1; 30/01/13-05/03/14 E1"
54194186,09/30/2013,"P1","E8","29/05/12-01/06/12 L1; 01/06/12-06/06/12 V2; 06/06/12-30/09/13 C1"
54435135,02/02/2014,"Q2","E4","19/12/13-02/02/14 C1"
54537007,01/08/2014,"A4","E12","27/01/12-08/11/12 C1; 08/11/12-08/01/14 E1"
54689839,07/22/2012,"K2","E4","12/05/12-22/07/12 J1"
54689839,02/17/2014,"H5","E8","23/12/13-17/02/14 V2"
54778349,07/18/2013,"Q2","E4","17/07/13-18/07/13 L1"
54852099,11/07/2014,"H5","E8","28/09/01-25/07/05 C1; 25/07/05-07/11/14 C2"
54865680,10/12/2014,"U3","E4A","26/09/14-12/10/14 V2"
55017194,05/03/2012,"Q2","E43","24/03/10-25/03/10 L1; 25/03/10-03/05/12 V2"
55045060,08/23/2016,"K2","E4A","16/06/15-23/08/16 V2"
55220624,02/12/2015,"H5","E8","27/09/13-12/02/15 V2"
55312531,09/15/2012,"M2","E8","17/09/03-02/12/05 C1; 02/12/05-15/09/12 C2"
55449040,05/26/2015,"A4","E11","04/03/13-05/03/13 L1; 05/03/13-30/09/13 C1; 30/09/13-26/05/15 E1"
55506199,11/28/2014,"Q2","E43","02/05/13-07/05/13 V2; 07/05/13-28/11/14 C1"
55519506,04/01/2015,"K2","E8","23/02/15-01/04/15 V2"
55562360,03/10/2016,"Q2","E8","06/05/05-05/03/07 V2; 05/03/07-13/04/10 C1; 13/04/10-10/03/16 C2"
55937192,12/08/2013,"Q2","E8","07/01/04-25/02/05 C1; 25/02/05-08/12/13 C2"
56060265,10/28/2015,"Q1","E43","31/12/09-14/01/10 V2; 14/01/10-20/10/11 C1; 20/10/11-28/10/15 C2"
56233440,10/11/2012,"Q1","E43","22/02/11-11/10/12 C1"
56248697,09/26/2014,"R3","E4A","15/05/14-26/09/14 C1"
56285562,05/28/2013,"Q2","E4","09/11/11-28/05/13 C1"
56360779,02/20/2015,"U6","E4A","03/09/14-20/02/15 C1"
56487556,11/30/2014,"U6","E4","17/11/14-30/11/14 V2"
56492556,03/16/2017,"Q1","E8","31/01/07-03/05/07 C1; 03/05/07-16/03/17 C2"
56645289,07/15/2015,"P1","E4A","04/12/13-15/07/15 C1"
56693814,08/22/2015,"H5","E8","18/06/09-21/05/10 C1; 21/05/10-22/08/15 C2"
56823404,12/03/2013,"Q2","E4","18/11/11-03/12/13 V2"
56823404,01/09/2015,"H5","E8","16/01/14-09/01/15 V2"
57116407,05/26/2012,"H5","E8","30/10/08-22/01/09 V2; 22/01/09-14/04/11 C1; 14/04/11-26/05/12 C2"
57191059,01/13/2015,"H5","E4","04/10/13-13/01/15 V2"
57191059,05/20/2016,"H5","E8","27/01/15-20/05/16 V2"
57247928,05/02/2012,"Q2","E4","30/11/11-02/05/12 V2"
57279364,06/06/2013,"K2","E4","22/03/12-06/06/13 V2"
57279364,08/13/2016,"R2","E8","13/06/13-13/08/16 V2"
57350731,06/13/2016,"H5","E8","30/07/14-13/06/16 V2"
57393313,10/07/2016,"U6","E11","19/12/15-22/12/15 L1; 22/12/15-07/10/16 C1"
57485463,08/10/2013,"H5","E8","07/06/11-23/04/13 V2; 23/04/13-10/08/13 J1"
57582068,07/09/2013,"Q2","E8","05/07/13-08/07/13 L1; 08/07/13-09/07/13 V2"
57652333,06/17/2014,"A4","E11","21/12/12-29/05/13 C1; 29/05/13-17/06/14 E1"
57664983,06/28/2014,"U6","E4B","27/06/14-28/06/14 L1"
57664983,02/13/2015,"U6","E4A","17/10/14-13/02/15 V2"
57766332,11/21/2012,"Q1","E43","21/12/11-21/11/12 C1"
58003314,07/30/2015,"K1","E14","19/05/15-30/07/15 J1"
58432484,06/11/2015,"U6","E4A","09/06/15-11/06/15 L1"
58457248,07/12/2016,"U6","X1","17/11/09-12/07/16 V2"
58558473,08/18/2015,"P1","E4B","23/06/10-18/08/15 V2"
58904529,01/29/2014,"Q1","E43","20/12/12-29/01/14 V2"
59142169,01/31/2014,"R3","E4","14/05/13-31/01/14 V2"
59213162,06/29/2015,"U6","E13","06/06/14-29/06/15 V2"
59376784,04/17/2014,"R5","E4B","18/03/14-17/04/14 J1"
59376784,12/03/2015,"H5","E8","28/07/15-03/12/15 V2"
59416022,12/13/2015,"U6","E4A","11/12/15-13/12/15 L1"
59437333,03/04/2013,"M2","E4","20/08/10-04/03/13 V2"
59451634,02/05/2016,"U6","E4B","24/01/16-25/01/16 L1; 25/01/16-05/02/16 V2"
59695507,07/10/2013,"Q2","E44","02/08/12-03/08/12 L1; 03/08/12-08/08/12 L2; 08/08/12-10/07/13 C1"
59719708,06/16/2016,"U6","E43","05/08/15-16/06/16 C1"
59736194,09/05/2014,"U6","E4","27/06/14-05/09/14 L1"
59736194,02/13/2015,"U6","E4A","17/10/14-13/02/15 V2"
59891386,05/13/2013,"Q2","E4","07/05/13-10/05/13 L1; 10/05/13-13/05/13 V2"
60204385,10/16/2012,"Q2","E8","16/01/03-17/01/03 L1; 17/01/03-20/01/03 L2; 20/01/03-16/01/04 C1; 16/01/04-16/10/12 C2"
60211657,02/23/2014,"H5","E8","19/03/13-23/02/14 V2"
60259571,11/15/2013,"Q2","E44","18/03/11-21/07/11 V2; 21/07/11-21/09/11 C1; 21/09/11-15/11/13 E1"
60459188,07/10/2013,"Q2","E43","02/08/12-03/08/12 L1; 03/08/12-08/08/12 L2; 08/08/12-10/07/13 C1"
60459446,05/22/2014,"P1","E4A","11/04/14-22/05/14 J1"
60459446,09/16/2014,"K1","E14","03/09/14-16/09/14 J1"
60498451,01/08/2014,"R5","E4","12/12/13-08/01/14 J1"
60498451,06/13/2014,"K1","E8","15/05/14-13/06/14 J1"
60565552,06/25/2013,"Q1","E43","21/06/12-25/06/13 C1"
60970454,04/02/2014,"H5","E8","14/05/09-02/04/14 V2"
61003691,11/21/2014,"K2","E8","28/10/13-21/11/14 V2"
61004580,06/25/2014,"U6","E4","24/06/14-25/06/14 L1"
61112833,11/17/2014,"Q2","E4","08/01/14-17/11/14 C1"
61151557,09/24/2016,"Q2","E8","04/12/06-13/12/07 V2; 13/12/07-15/05/08 C1; 15/05/08-24/09/16 C2"
61244760,09/18/2013,"Q2","E5","04/07/02-07/07/02 L1; 07/07/02-29/07/04 C1; 29/07/04-18/09/13 C2"
61261962,08/10/2014,"H5","E8","09/04/11-11/04/11 L1; 11/04/11-10/08/14 V2"
61276505,11/06/2014,"A3","E11","20/12/13-24/04/14 C1; 24/04/14-06/11/14 E1"
61300636,10/07/2016,"U6","E4B","02/03/16-04/03/16 L1; 04/03/16-07/10/16 V2"
61344656,08/28/2013,"Q2","E4","24/08/13-27/08/13 L1; 27/08/13-28/08/13 V2"
61344656,03/02/2017,"R5","E8","21/07/16-02/03/17 J1"
61563564,01/15/2016,"U6","E4B","06/01/16-08/01/16 L1; 08/01/16-15/01/16 V2"
61746448,04/25/2014,"U6","E4B","24/04/14-25/04/14 L1"
61803166,04/24/2014,"H5","E8","08/10/09-09/10/09 L2; 09/10/09-05/01/10 V2; 05/01/10-17/06/11 C1; 17/06/11-24/04/14 C2"
61858791,07/20/2012,"H5","E8","17/05/10-27/05/10 V2; 27/05/10-15/06/10 C1; 15/06/10-20/07/12 C2"
61990202,05/01/2013,"A5","E11","19/11/08-11/03/09 V2; 11/03/09-07/09/09 C1; 07/09/09-01/05/13 E1"
62062764,12/19/2014,"U6","E4A","28/11/14-19/12/14 L1"
62109496,09/09/2014,"A5","E11","21/11/11-29/11/11 V2; 29/11/11-24/09/12 C1; 24/09/12-09/09/14 E1"
62163232,11/11/2014,"Q1","E8","03/05/02-12/02/03 C1; 12/02/03-11/11/14 C2"
62216031,06/07/2013,"Q2","E8","11/11/10-07/06/13 V2"
62216439,12/01/2015,"U6","E4A","27/11/15-01/12/15 L1"
62330159,11/23/2012,"H5","E8","20/06/11-23/11/12 V2"
62369905,12/17/2014,"H5","E4A","11/06/14-17/12/14 V2"
62369905,06/12/2015,"U6","E4A","09/06/15-12/06/15 V2"
62369905,10/05/2016,"U6","E44","08/07/15-07/04/16 V2; 07/04/16-14/09/16 C1; 14/09/16-05/10/16 V2"
62643890,06/13/2016,"U6","E4A","23/06/15-13/06/16 V2"
62746411,11/19/2013,"Q2","E4","04/11/13-07/11/13 L1; 07/11/13-19/11/13 V2"
62749001,10/27/2014,"H5","E8","10/10/13-27/10/14 V2"
62795609,06/19/2014,"H5","E8","14/06/11-19/06/14 V2"
62807823,10/26/2014,"H5","E8","18/06/13-26/10/14 V2"
62849004,07/09/2015,"H5","E8","05/02/15-09/07/15 V2"
62955426,07/10/2015,"H5","E8","09/09/13-10/07/15 V2"
63565450,11/05/2012,"Q1","E4","22/02/11-05/11/12 C1"
63719432,08/17/2014,"H5","E8","05/02/04-17/08/14 C2"
63723885,06/20/2012,"Q2","E4","08/06/12-11/06/12 L1; 11/06/12-20/06/12 V2"
63851927,12/12/2012,"Q2","E44","13/06/12-12/12/12 C1"
63979110,07/30/2013,"A4","E11","08/02/10-10/02/10 L2; 10/02/10-01/03/10 V2; 01/03/10-21/04/11 C1; 21/04/11-30/07/13 E1"
64087860,09/26/2014,"K1","E8","14/07/14-26/09/14 J1"
64087860,12/10/2014,"K1","E8","14/10/14-10/12/14 J1"
64129609,12/12/2014,"R3","E8","09/09/14-12/09/14 V2; 12/09/14-12/12/14 C1"
64270192,03/29/2014,"H5","E8","05/08/13-29/03/14 J1"
64283025,01/20/2013,"H5","E8","08/05/12-20/01/13 V2"
64397649,10/19/2016,"U6","E4A","17/10/16-19/10/16 V2"
64446990,02/14/2015,"U6","E44","23/04/14-14/02/15 C1"
64552723,07/31/2012,"H5","E8","21/07/10-24/01/11 C1; 24/01/11-31/07/12 C2"
65040987,09/08/2015,"H5","E8","16/01/15-08/09/15 V2"
65113781,01/30/2013,"R5","E4","07/01/13-30/01/13 J1"
65158479,11/04/2012,"Q2","E8","27/11/00-01/12/00 L2; 01/12/00-29/07/03 C1; 29/07/03-04/11/12 C2"
65184076,08/09/2013,"Q1","E4","25/07/12-09/08/13 V2"
65196763,11/19/2014,"U3","E44","30/04/14-19/11/14 V2"
65268995,12/18/2015,"U6","E4A","13/09/15-15/09/15 L1; 15/09/15-18/12/15 V2"
65287076,04/16/2014,"Q2","E8","08/10/09-16/04/14 V2"
65339052,10/04/2012,"Q2","E4","29/09/12-02/10/12 L1; 02/10/12-04/10/12 V2"
65339052,08/21/2016,"H5","E8","04/02/15-21/08/16 V2"
66043198,09/16/2012,"K2","E8","03/03/99-16/09/12 C2"
66143485,10/02/2014,"Q2","E44","31/07/13-02/10/14 V2"
66156571,04/19/2012,"H5","E8","18/01/08-19/04/12 V2"
66337554,01/15/2015,"H5","E8","20/03/13-15/01/15 V2"
66560544,12/12/2013,"H5","E8","22/03/11-12/12/13 V2"
66603223,06/26/2014,"H5","E8","29/11/12-26/06/14 V2"
66679098,04/19/2015,"H5","E8","14/10/11-28/08/12 V2; 28/08/12-24/06/13 C1; 24/06/13-19/04/15 C2"
66744555,05/10/2013,"H5","E8","22/09/11-10/05/13 V2"
66796920,06/29/2012,"K1","E9","01/06/12-29/06/12 J1"
66796920,05/02/2013,"R5","E9","13/02/13-08/04/13 V2; 08/04/13-02/05/13 J1"
66796920,10/22/2014,"H5","E8","06/09/13-22/10/14 V2"
67078388,04/24/2015,"U3","E43","08/08/14-24/04/15 V2"
67201579,02/09/2017,"H5","E4B","26/05/16-09/02/17 V2"
67296657,04/30/2015,"Q2","E8","02/07/12-30/04/15 V2"
67434264,02/14/2015,"U6","E44","30/05/14-30/01/15 L1; 30/01/15-14/02/15 V2"
67497371,11/20/2015,"U6","E4A","19/11/15-20/11/15 L1"
67624568,11/30/2013,"Q2","E4","07/06/13-30/11/13 V2"
67624568,10/27/2014,"P1","E4","06/02/14-27/10/14 C1"
67635659,01/20/2013,"Q2","E4","29/12/12-20/01/13 V2"
67635659,02/25/2013,"Q2","E4","21/02/13-25/02/13 L1"
67635659,04/14/2014,"Q2","E4","14/06/13-14/04/14 C1"
67635659,07/07/2014,"U6","E4A","11/06/14-07/07/14 V2"
67635659,09/02/2015,"U6","E8","08/09/14-02/06/15 V2; 02/06/15-02/09/15 V2"
67635659,02/23/2016,"U6","E4A","15/09/15-18/09/15 L1; 18/09/15-23/02/16 V2"
67649060,07/16/2012,"Q2","E4","16/03/12-16/07/12 V2"
67649060,02/23/2014,"H5","E8","30/04/13-23/02/14 V2"
67679121,12/11/2012,"Q2","E44","26/01/11-28/01/11 L1; 28/01/11-11/12/12 C1"
67724138,01/22/2013,"Q2","E4","03/12/12-22/01/13 V2"
67724138,11/06/2014,"K1","E9","16/06/13-06/12/13 V2; 06/12/13-17/01/14 J1; 17/01/14-30/09/14 V2; 30/09/14-06/11/14 J1"
67876725,03/06/2013,"Q2","E4","03/05/11-06/03/13 V2"
68047569,10/25/2015,"Q1","E8","02/01/13-04/01/13 L1; 04/01/13-25/10/15 V2"
68092407,09/03/2012,"P1","E9","08/06/12-03/09/12 J1"
68092407,04/03/2013,"P1","E9","21/12/12-03/04/13 J1"
68159652,10/06/2014,"U6","E4","03/10/14-06/10/14 L1"
68169060,03/08/2017,"Q2","E8","20/05/08-27/06/08 V2; 27/06/08-18/11/09 C1; 18/11/09-08/03/17 C2"
68314596,08/28/2015,"Q2","E8","25/05/04-30/09/04 C1; 30/09/04-28/08/15 C2"
68582003,03/25/2015,"U6","E4A","24/03/15-25/03/15 V2"
68788414,01/28/2014,"A3","E11","04/07/12-26/06/13 V2; 26/06/13-28/01/14 E1"
68789020,06/20/2016,"U6","E4B","19/06/16-20/06/16 L1"
68861373,12/07/2012,"P1","E4","13/06/08-16/06/08 L1; 16/06/08-24/06/08 V2; 24/06/08-12/02/10 C1; 12/02/10-07/12/12 C2"
68891832,10/26/2012,"Q2","E4","24/10/12-26/10/12 L1"
68965312,02/25/2015,"R3","E4A","18/09/14-27/10/14 V2; 27/10/14-25/02/15 C1"
69030175,06/29/2012,"P1","E4","04/05/12-29/06/12 C1"
69032725,09/28/2012,"Q2","E4","27/09/12-28/09/12 L1"
69143312,01/13/2014,"A4","E11","05/05/09-23/09/09 C1; 23/09/09-24/09/10 V2; 24/09/10-03/12/10 C2; 03/12/10-13/01/14 E1"
69220529,06/29/2012,"Q2","E4","03/02/11-29/06/12 V2"
69299939,02/26/2014,"Q2","E4","20/02/12-26/02/14 C1"
69426935,03/31/2015,"H5","E8","22/04/14-31/03/15 V2"
69717713,04/26/2012,"Q1","E4","13/07/11-26/04/12 C1"
69717713,11/23/2012,"Q2","E4","20/11/12-23/11/12 L1"
69717713,06/08/2013,"Q2","E44","24/11/12-26/11/12 L1; 26/11/12-08/06/13 C1"
70010151,12/13/2014,"Q2","E8","23/10/13-13/12/14 V2"
70104780,02/12/2013,"H5","E8","25/04/09-28/04/09 L1; 28/04/09-10/05/10 V2; 10/05/10-12/02/13 C2"
70184365,05/10/2012,"Q1","E43","05/04/11-10/05/12 C1"
70489863,02/19/2015,"U6","E16","16/02/15-19/02/15 L1"
70632615,08/20/2015,"P1","E8","24/03/15-20/08/15 C1"
70680165,03/16/2016,"H5","E4A","15/03/16-16/03/16 L1"
70763132,04/18/2013,"H5","E8","13/11/12-18/04/13 V2"
70788936,06/25/2012,"Q2","E8","14/02/95-25/06/12 C2"
70796439,12/31/2015,"H5","E8","22/03/13-31/12/15 V2"
70800834,07/15/2016,"A5","E11","14/12/15-24/03/16 V2; 24/03/16-15/07/16 E1"
70869019,03/14/2017,"U6","E13","25/05/16-27/05/16 L1; 27/05/16-11/07/16 V2; 11/07/16-13/03/17 C1; 13/03/17-14/03/17 V2"
71229771,08/11/2016,"U6","E4B","20/07/16-21/07/16 L1; 21/07/16-11/08/16 V2"
71241766,09/16/2015,"A6","E11","19/03/13-28/03/13 V2; 28/03/13-16/08/13 C1; 16/08/13-16/09/15 E1"
71248034,07/20/2014,"H5","E8","20/12/13-20/07/14 V2"
71349396,05/08/2014,"R5","E9","24/04/14-08/05/14 J1"
71415327,11/15/2016,"R5","E4B","11/06/16-15/11/16 J1"
71739207,12/31/2016,"H5","E8","17/11/14-31/12/16 V2"
71873425,10/18/2012,"H5","E8","05/03/12-18/10/12 V2"
71941023,11/14/2016,"H5","E8","09/09/14-14/11/16 V2"
72046618,10/17/2013,"K1","E4","03/10/13-17/10/13 J1"
72046618,06/04/2015,"H5","E9","16/12/14-04/06/15 V2"
72046618,02/10/2016,"H5","E8","02/09/15-10/02/16 V2"
72047112,03/24/2017,"R2","E4B","18/01/16-24/03/17 V2"
72154645,10/04/2016,"P1","E8","23/08/11-18/02/13 C1; 18/02/13-04/10/16 C2"
72194762,02/15/2013,"Q2","E4","25/01/13-28/01/13 L1; 28/01/13-15/02/13 V2"
72258278,03/14/2017,"U6","E13","25/05/16-27/05/16 L1; 27/05/16-11/07/16 V2; 11/07/16-13/03/17 C1; 13/03/17-14/03/17 V2"
72282944,07/26/2016,"H5","E8","03/08/15-26/07/16 V2"
72332421,04/01/2014,"Q2","E8","04/10/02-11/10/02 L2; 11/10/02-25/01/05 C1; 25/01/05-01/04/14 C2"
72466675,10/07/2013,"Q2","E4","06/10/13-07/10/13 L1"
72530751,02/03/2014,"A4","E11","17/05/12-07/12/12 C1; 07/12/12-03/02/14 E1"
72544465,07/08/2016,"U3","E44","30/11/15-08/02/16 V2; 08/02/16-08/07/16 C1"
72555203,10/23/2012,"Q1","E43","05/08/11-23/10/12 V2"
72691264,08/01/2015,"Q1","E8","01/08/09-01/08/15 V2"
72777642,11/27/2013,"H5","E8","16/03/12-27/11/13 V2"
72797242,10/12/2012,"R3","E4","27/07/12-12/10/12 C1"
72870926,12/18/2015,"P1","E4A","22/05/15-18/12/15 C1"
72902530,10/27/2015,"A4","E11","16/11/12-03/10/13 C1; 03/10/13-27/10/15 E1"
72934742,09/29/2015,"H5","E8","31/07/15-29/09/15 J1"
72934742,01/01/2016,"R5","E8","17/12/15-01/01/16 J1"
72957830,03/02/2017,"Q2","E8","19/11/09-23/05/11 C1; 23/05/11-02/03/17 C2"
73111733,07/24/2014,"U3","E4","02/04/14-04/04/14 L1; 04/04/14-24/07/14 V2"
73274159,08/14/2016,"H5","E8","29/04/14-14/08/16 V2"
73314492,07/13/2015,"U6","E11","13/11/14-13/07/15 V2"
73382564,01/25/2013,"Q2","E4","19/01/13-25/01/13 L1"
73437097,07/12/2013,"A5","E11","07/10/10-27/03/12 C1; 27/03/12-12/07/13 E1"
73848603,08/07/2013,"Q1","E4","05/04/11-07/08/13 V2"
73902537,10/05/2016,"U6","E44","08/07/15-07/04/16 V2; 07/04/16-14/09/16 C1; 14/09/16-05/10/16 V2"
73927159,07/16/2014,"A3","E11","03/10/12-06/12/13 C1; 06/12/13-16/07/14 E1"
73980183,06/01/2015,"Q2","E8","08/03/11-10/03/11 L1; 10/03/11-01/06/15 V2"
73985429,09/17/2016,"H5","E8","16/10/13-18/10/13 L1; 18/10/13-18/11/13 V2; 18/11/13-04/08/14 C1; 04/08/14-17/09/16 C2"
74013872,04/17/2012,"K2","E4","28/05/10-17/04/12 V2"
74026337,11/02/2012,"Q2","E4","23/03/11-25/03/11 L1; 25/03/11-31/03/11 L2; 31/03/11-31/10/12 C1; 31/10/12-02/11/12 V2"
74072851,07/02/2016,"U6","E4A","20/06/16-02/07/16 L1"
74111519,04/25/2014,"H5","E8","20/08/13-25/04/14 V2"
74257094,05/03/2013,"Q2","E4","02/05/13-03/05/13 L1"
74476334,05/17/2012,"Q1","E4","05/11/10-19/11/10 V2; 19/11/10-17/05/12 C1"
74530680,10/07/2015,"U3","E4A","21/05/15-07/10/15 C1"
74620102,12/22/2014,"U6","E8","27/11/14-22/12/14 V2"
74702264,01/08/2015,"U6","E4","05/01/15-08/01/15 L1"
74782257,12/11/2014,"Q2","E4A","11/09/13-15/11/13 V2; 15/11/13-05/11/14 C1; 05/11/14-11/12/14 V2"
74848730,12/25/2012,"Q2","E8","04/12/06-13/12/07 V2; 13/12/07-15/05/08 C1; 15/05/08-25/12/12 C2"
74878710,01/03/2016,"H5","E8","05/10/08-06/10/08 L1; 06/10/08-23/04/09 V2; 23/04/09-10/12/10 C1; 10/12/10-03/01/16 C2"
74924749,09/01/2014,"Q1","E43","16/12/13-01/09/14 C1"
74971001,08/15/2013,"A4","E11","27/03/12-07/08/12 C1; 07/08/12-15/08/13 E1"
75097496,05/17/2012,"P1","E4","05/11/10-19/11/10 V2; 19/11/10-17/05/12 C1"
75250643,01/13/2014,"R2","E7","19/04/05-21/04/05 L2; 21/04/05-18/03/06 V2; 18/03/06-16/01/08 C1; 16/01/08-12/06/08 C1; 12/06/08-13/01/14 C2"
75289461,05/12/2012,"Q1","E4","31/12/08-12/05/12 V2"
75336839,03/04/2016,"A3","E11","09/07/10-12/07/10 L1; 12/07/10-22/12/11 V2; 22/12/11-04/03/16 E1"
75339746,01/17/2016,"U6","E4A","23/12/15-17/01/16 L1"
75350452,05/07/2013,"A4","E11","07/10/11-07/05/13 E1"
75508567,06/03/2016,"Q2","E11","13/07/11-07/12/11 C1; 07/12/11-18/11/13 E1; 18/11/13-03/06/16 C2"
75545409,03/06/2013,"Q1","E4","22/04/11-06/03/13 V2"
75566568,11/18/2015,"Q1","E8","04/03/09-20/07/09 C1; 20/07/09-18/11/15 C2"
75630182,06/17/2016,"U6","E4A","18/05/16-20/05/16 L1; 20/05/16-17/06/16 C1"
75779781,11/01/2012,"Q1","E8","25/10/12-01/11/12 J1"
75802443,06/13/2014,"Q2","E4A","01/11/12-09/04/14 C1; 09/04/14-13/06/14 V2"
75846170,05/03/2012,"Q2","E4","03/03/11-04/03/11 L2; 04/03/11-08/03/11 L2; 08/03/11-03/05/12 C1"
75957511,07/24/2013,"Q2","E8","17/12/04-09/06/06 C1; 09/06/06-24/07/13 C2"
75966646,06/27/2013,"A6","E11","05/02/10-13/04/10 V2; 13/04/10-31/03/11 C1; 31/03/11-06/06/11 C2; 06/06/11-27/06/13 E1"
76127533,11/30/2014,"Q2","E4A","21/03/14-13/05/14 V2; 13/05/14-30/11/14 C1"
76283260,10/11/2012,"Q2","E4","31/08/12-03/09/12 L1; 03/09/12-11/10/12 V2"
76671525,04/16/2014,"H5","E8","05/12/13-16/04/14 V2"
76687558,08/14/2015,"Q2","E8","25/04/09-28/04/09 L1; 28/04/09-10/05/10 V2; 10/05/10-14/08/15 C2"
76715585,06/18/2014,"Q2","E43","14/01/14-18/06/14 C1"
76848065,01/08/2013,"Q2","E4","19/08/11-08/01/13 V2"
76848065,02/14/2013,"K1","E4","06/02/13-14/02/13 J1"
76848065,09/12/2013,"K2","E9","11/03/13-20/03/13 V2; 20/03/13-31/05/13 J1; 31/05/13-12/09/13 V2"
76848065,06/06/2014,"Q1","E4","12/11/13-06/06/14 V2"
76848065,04/20/2016,"K1","E4A","17/10/15-20/04/16 J1"
76860248,08/14/2015,"U6","E4A","08/05/15-14/08/15 V2"
76860248,01/23/2016,"U6","E44","19/08/15-21/08/15 L1; 21/08/15-15/01/16 C1; 15/01/16-23/01/16 V2"
76939222,02/23/2016,"U6","E4A","22/07/15-23/02/16 V2"
77008890,02/19/2014,"H5","E8","08/02/13-19/02/14 V2"
77034630,12/12/2014,"R3","E8","09/09/14-12/09/14 V2; 12/09/14-12/12/14 C1"
77054895,12/29/2016,"U6","E4B","28/12/16-29/12/16 V2"
77158968,01/12/2013,"H5","E8","15/03/10-12/01/13 V2"
77184325,01/20/2016,"Q2","E8","20/05/08-27/06/08 V2; 27/06/08-23/11/09 C1; 23/11/09-20/01/16 C2"
77364090,10/31/2013,"K2","E9","08/07/13-31/10/13 J1"
77364090,01/30/2015,"R5","E9","25/06/14-30/01/15 J1"
77364090,11/01/2016,"R5","E8","29/01/16-26/04/16 V2; 26/04/16-01/11/16 J1"
77432039,06/18/2016,"R2","E8","27/04/11-28/04/11 L1; 28/04/11-05/05/11 L2; 05/05/11-28/02/13 C1; 28/02/13-18/06/16 C2"
77738670,05/28/2015,"U6","E4A","24/05/15-28/05/15 L1"
77967111,05/26/2015,"A4","E11","04/03/13-05/03/13 L1; 05/03/13-30/09/13 C1; 30/09/13-26/05/15 E1"
78133971,03/25/2014,"Q2","E8","10/05/10-25/03/14 V2"
78141097,01/18/2013,"H5","E8","24/06/05-16/08/05 C1; 16/08/05-05/04/06 C1; 05/04/06-18/01/13 C2"
78155899,04/20/2012,"Q2","E4","18/05/11-20/05/11 L1; 20/05/11-20/04/12 C1"
78206441,10/13/2012,"H5","E8","16/06/10-18/03/11 V2; 18/03/11-13/10/12 C2"
78336179,10/10/2013,"P1","E4","04/07/13-10/10/13 C1"
78490135,01/25/2017,"U3","E43","05/09/16-25/01/17 C1"
78570824,06/20/2016,"A4","E11","12/03/14-13/03/14 L1; 13/03/14-20/03/14 L2; 20/03/14-22/12/14 C1; 22/12/14-20/06/16 E1"
78804465,09/23/2016,"K2","E8","26/06/06-29/08/11 V4; 29/08/11-23/09/16 V2"
78856888,08/14/2012,"Q2","E4","13/08/12-14/08/12 V2"
78892559,03/16/2015,"P1","E4A","11/08/11-15/09/11 V2; 15/09/11-07/09/12 C1; 07/09/12-16/03/15 C2"
78953055,09/21/2014,"H5","E8","09/01/14-21/09/14 V2"
78995391,02/20/2017,"H5","E8","24/06/16-20/02/17 J1"
79075127,11/24/2015,"U6","E8","16/11/15-24/11/15 V2"
79175333,07/12/2013,"A4","E11","13/07/10-20/07/10 L2; 20/07/10-06/02/12 C1; 06/02/12-12/07/13 E1"
79247464,09/09/2012,"H5","E8","24/08/06-04/03/11 C1; 04/03/11-09/09/12 V2"
79464220,03/18/2016,"H5","E8","24/02/15-18/03/16 V2"
79719582,10/23/2013,"Q2","E4","17/10/13-18/10/13 L1; 18/10/13-23/10/13 V2"
79828044,06/19/2012,"K2","E8","12/02/09-19/06/12 C2"
80063525,10/23/2013,"Q2","E4","17/10/13-18/10/13 L1; 18/10/13-23/10/13 V2"
80108209,07/21/2014,"Q1","E4A","11/11/13-21/07/14 V2"
80352800,11/20/2013,"Q1","E44","25/02/10-05/03/10 V2; 05/03/10-20/11/13 C2"
80497189,03/18/2013,"Q1","E4","24/02/13-27/02/13 L1; 27/02/13-18/03/13 V2"
80551791,10/25/2013,"K2","E4","13/01/12-24/05/12 V2; 24/05/12-22/03/13 C1; 22/03/13-25/10/13 C2"
80895915,03/27/2015,"Q1","E43","13/01/14-27/03/15 V2"
80943139,02/14/2014,"H5","E8","15/11/13-14/02/14 J1"
80957778,11/30/2015,"H5","E8","27/03/14-30/11/15 V2"
81149437,01/08/2016,"U6","E4A","07/01/16-08/01/16 L1"
81373000,01/02/2016,"H5","E8","23/01/14-24/01/14 L1; 24/01/14-28/02/14 V2; 28/02/14-18/08/14 C1; 18/08/14-02/01/16 C2"
81554889,12/02/2014,"A4","E11","19/01/10-04/03/13 C1; 04/03/13-02/12/14 E1"
81672172,05/28/2015,"P1","E8","27/05/15-28/05/15 J1"
81672172,11/30/2015,"P1","E9","28/08/15-30/11/15 J1"
81715304,09/11/2013,"A4","E11","09/09/11-24/04/12 C1; 24/04/12-11/09/13 E1"
81824932,05/01/2013,"K1","E4","02/06/12-01/05/13 J1"
81883210,11/01/2013,"A4","E11","28/08/12-08/03/13 C1; 08/03/13-01/11/13 E1"
82013502,03/05/2013,"K1","E9","27/01/13-05/03/13 J1"
82128830,04/21/2014,"Q2","E8","04/11/02-27/05/05 C1; 27/05/05-21/04/14 C2"
82153074,05/12/2012,"Q1","E4","31/12/08-12/05/12 V2"
82294884,03/15/2013,"R5","E9","29/12/12-15/03/13 J1"
82313854,08/29/2015,"H5","E8","06/11/14-29/08/15 V2"
82476077,12/02/2013,"H5","E8","21/11/13-02/12/13 V2"
82592287,03/04/2013,"Q2","E4","01/03/13-04/03/13 L1"
82604472,11/07/2016,"H5","E8","03/11/16-07/11/16 V2"
82843163,05/01/2014,"A3","E11","31/08/12-04/07/13 C1; 04/07/13-01/05/14 E1"
82995920,02/22/2016,"U6","E4B","25/01/15-28/01/15 L1; 28/01/15-22/02/16 C1"
83093689,02/09/2015,"K2","E8","12/07/12-09/02/15 V2"
83186027,02/19/2014,"K1","E9","09/01/14-19/02/14 J1"
83230113,03/04/2013,"Q2","E4","01/03/13-04/03/13 L1"
83269659,02/07/2013,"H5","E8","06/09/12-07/02/13 J1"
83638075,01/31/2017,"U6","E4B","29/01/17-31/01/17 L1"
83681267,04/04/2012,"Q2","E4","01/04/12-04/04/12 L1"
83681267,01/24/2015,"H5","E8","03/05/12-24/01/15 V2"
83894929,08/11/2015,"U3","E43","03/07/14-21/07/14 L1; 21/07/14-11/08/15 V2"
83895490,06/25/2014,"U6","E4","24/06/14-25/06/14 L1"
83895490,11/06/2014,"U6","E4","08/10/14-06/11/14 L1"
83895490,09/05/2016,"U6","E4A","15/12/14-17/12/14 L1; 17/12/14-05/09/16 V2"
83898425,01/20/2013,"H5","E8","05/05/10-06/05/10 L1; 06/05/10-20/01/13 V2"
83899452,04/10/2012,"H5","E8","02/11/10-10/04/12 V2"
83913395,06/15/2015,"U3","E4A","26/08/14-03/10/14 L1; 03/10/14-15/06/15 V2"
83935600,06/10/2014,"A3","E11","26/10/12-06/12/13 C1; 06/12/13-10/06/14 E1"
83995138,09/28/2012,"P1","E4","18/02/11-28/09/12 C1"
84138462,03/04/2015,"U6","E4A","25/02/15-04/03/15 V2"
84429155,06/12/2015,"U3","E4A","15/04/14-17/04/14 L1; 17/04/14-24/11/14 V2; 24/11/14-12/06/15 C1"
84489548,06/04/2012,"Q2","E4","07/07/10-09/07/10 L1; 09/07/10-04/06/12 V2"
84683436,02/12/2014,"Q2","E4","07/02/14-12/02/14 V2"
84683436,02/24/2014,"Q2","E4","14/02/14-24/02/14 V2"
84978126,02/27/2014,"Q1","E4","12/07/12-27/02/14 C1"
85033008,10/05/2014,"Q2","E4A","30/07/13-05/10/14 C1"
85151407,12/02/2016,"U3","E12","10/04/15-29/09/15 C1; 29/09/15-02/12/16 E1"
85165014,11/20/2012,"H5","E8","07/08/12-20/11/12 V2"
85227342,09/19/2013,"Q1","E4","31/01/08-19/09/13 V2"
85300234,03/21/2013,"A3","E11","20/09/10-17/05/12 V2; 17/05/12-21/03/13 E1"
85351995,02/21/2014,"Q2","E4","07/02/14-10/02/14 L1; 10/02/14-21/02/14 V2"
85532789,12/05/2013,"R5","E9","29/11/13-05/12/13 V2"
85532789,08/11/2014,"R5","E14","07/03/14-11/08/14 J1"
85612977,01/20/2015,"U6","E44","28/11/13-26/02/14 V2; 26/02/14-02/07/14 C1; 02/07/14-23/07/14 C2; 23/07/14-20/01/15 C1"
85635497,05/03/2013,"Q2","E4","02/05/13-03/05/13 L1"
85747670,07/20/2016,"H5","E8","28/08/14-20/07/16 V2"
85819129,02/04/2013,"A6","E11","25/04/09-28/04/09 L1; 28/04/09-21/05/10 V2; 21/05/10-04/02/13 E1"
85929428,12/11/2015,"A4","E12","10/01/14-03/07/14 C1; 03/07/14-11/12/15 E1"
85984292,08/30/2013,"K1","E4","28/06/13-30/08/13 J1"
86060393,11/10/2015,"P1","E4A","19/03/13-03/04/14 V2; 03/04/14-08/08/14 C1; 08/08/14-10/11/15 C2"
86650602,02/22/2015,"H5","E8","18/01/08-21/01/08 L1; 21/01/08-04/12/08 C1; 04/12/08-22/02/15 C2"
86697628,03/13/2014,"K1","E9","25/02/14-13/03/14 J1"
86748136,11/28/2015,"U6","E4A","30/06/14-03/07/14 L1; 03/07/14-28/11/15 V2"
86800198,03/29/2014,"Q2","E8","02/12/09-03/12/09 L1; 03/12/09-31/03/10 V2; 31/03/10-07/04/11 C1; 07/04/11-29/03/14 C2"
86896822,02/17/2014,"Q1","E4","24/10/13-17/02/14 V2"
87134258,10/23/2016,"U6","E44","12/04/16-25/04/16 V2; 25/04/16-20/10/16 C1; 20/10/16-23/10/16 L3"
87183523,03/04/2014,"Q1","E4","07/02/14-04/03/14 V2"
87199870,07/25/2015,"P1","E8","25/11/11-25/07/15 C2"
87315205,08/24/2013,"H5","E8","19/03/13-24/08/13 V2"
87349964,07/05/2012,"H5","E8","19/11/10-05/07/12 V2"
87731071,11/25/2012,"Q2","E4","01/06/11-09/06/11 L1; 09/06/11-25/11/12 C1"
87807152,06/10/2014,"A3","E11","26/10/12-10/12/13 C1; 10/12/13-10/06/14 E1"
87822614,05/20/2013,"R5","E4","22/01/13-20/05/13 J1"
87838308,03/03/2014,"Q2","E4","06/02/14-03/03/14 V2"
88261734,01/01/2014,"H5","E8","15/01/13-01/01/14 V2"
88285062,02/05/2014,"H5","E8","05/03/13-05/02/14 V2"
88341452,11/05/2012,"Q1","E4","13/04/11-05/11/12 V2"
88353313,10/10/2016,"U3","E4B","31/08/16-10/10/16 V2"
88443006,04/20/2012,"Q2","E4","18/05/11-20/05/11 L1; 20/05/11-20/04/12 C1"
88452781,06/11/2013,"Q2","E4","22/03/13-11/06/13 V2"
88555632,06/07/2013,"P1","E8","21/09/01-05/07/02 C1; 05/07/02-07/06/13 C2"
88803844,12/20/2014,"U6","E4A","25/10/13-20/12/14 C1"
88881023,01/25/2016,"Q2","E8","03/01/03-30/04/04 C1; 30/04/04-25/01/16 C2"
88920037,04/30/2012,"P1","E41","13/01/11-16/01/11 L1; 16/01/11-20/01/11 L2; 20/01/11-30/04/12 C1"
89127663,05/23/2016,"U6","E4B","21/05/16-23/05/16 V2"
89216247,04/16/2014,"A5","E11","14/11/12-09/04/13 C1; 09/04/13-16/04/14 E1"
89221237,08/16/2013,"H5","E8","07/07/08-16/08/13 V2"
89314432,08/31/2016,"U3","E4A","19/05/16-31/08/16 V2"
89317710,02/21/2016,"H5","E8","03/04/14-21/02/16 V2"
89321574,03/30/2016,"A6","E12","03/06/09-05/06/09 L1; 05/06/09-21/04/10 V2; 21/04/10-20/12/10 C1; 20/12/10-08/06/11 C2; 08/06/11-30/03/16 E1"
89401969,12/01/2015,"H5","E8","13/11/14-01/12/15 V2"
89569314,08/22/2013,"Q2","E44","18/12/12-13/08/13 C1; 13/08/13-22/08/13 V2"
89607042,07/11/2012,"K2","E4","27/03/12-11/07/12 V2"
89607042,08/30/2013,"Q2","X1","17/05/13-30/08/13 V2"
89607042,10/28/2013,"M3","E4","11/10/13-28/10/13 V2"
89607042,12/13/2015,"H5","E8","06/03/14-09/02/15 V2; 09/02/15-01/05/15 J1; 01/05/15-13/12/15 V2"
89676211,03/04/2013,"Q2","E4","01/03/13-04/03/13 L1"
89696985,08/20/2015,"U3","E4A","20/06/14-30/01/15 V2; 30/01/15-20/08/15 V2"
89806068,12/08/2012,"H5","E8","04/09/09-08/12/12 V2"
90088834,12/17/2013,"A4","E11","06/09/12-01/03/13 C1; 01/03/13-17/12/13 E1"
90109639,07/03/2015,"U6","E4A","02/07/14-04/07/14 L1; 04/07/14-11/07/14 V2; 11/07/14-03/07/15 C1"
90174391,01/19/2016,"Q2","E8","15/07/11-23/08/12 C1; 23/08/12-19/01/16 C2"
90250229,12/26/2016,"H5","E8","20/03/07-04/10/07 C1; 04/10/07-30/06/15 C2; 30/06/15-27/11/15 J1; 27/11/15-26/12/16 C2"
90365611,06/17/2016,"U6","E4A","18/05/16-20/05/16 L1; 20/05/16-17/06/16 C1"
90437961,02/01/2016,"H5","E8","18/01/08-21/01/08 L1; 21/01/08-04/12/08 C1; 04/12/08-01/02/16 C2"
90488193,09/11/2014,"U6","E4B","31/07/14-11/09/14 V2"
90488193,02/06/2017,"H5","E8","09/09/15-06/02/17 V2"
90595575,02/13/2015,"U6","E44","24/06/14-30/07/14 V2; 30/07/14-13/02/15 C1"
90669880,08/21/2013,"Q2","E8","12/11/09-13/11/09 L1; 13/11/09-21/08/13 V2"
90751040,03/28/2016,"H5","E8","22/07/05-26/07/05 L2; 26/07/05-02/08/05 V2; 02/08/05-27/09/07 C1; 27/09/07-28/03/16 C2"
90784589,02/24/2014,"H5","E8","23/01/14-24/02/14 V2"
90784589,08/10/2015,"H5","E8","03/03/14-10/08/15 V2"
90997690,07/19/2014,"H5","E8","19/05/10-24/01/11 C1; 24/01/11-19/07/14 C2"
91074005,08/01/2013,"R5","E4","11/05/11-12/05/11 L1; 12/05/11-25/07/13 V2; 25/07/13-01/08/13 J1"
91074832,12/08/2015,"H5","E8","14/04/15-08/12/15 V2"
91123458,08/15/2013,"H5","E8","21/07/10-18/05/11 C1; 18/05/11-15/08/13 C2"
91138815,04/19/2013,"Q2","E4","08/03/13-19/04/13 V2"
91221995,06/01/2012,"Q1","E4","09/02/11-01/06/12 V2"
91282840,12/07/2016,"H5","E8","18/11/16-07/12/16 V2"
91336397,12/01/2015,"U6","E4A","27/11/15-01/12/15 L1"
91344354,11/10/2015,"P1","E4A","19/03/13-03/04/14 V2; 03/04/14-08/08/14 C1; 08/08/14-10/11/15 C2"
91431511,02/25/2016,"H5","E8","02/09/15-25/02/16 V2"
91539165,09/07/2016,"A6","E11","07/03/11-13/07/12 V2; 13/07/12-25/06/15 E1; 25/06/15-07/09/16 E1"
91567398,12/22/2014,"U6","E4","21/12/14-22/12/14 L1"
91673014,10/15/2013,"Q2","E4","26/11/12-10/10/13 C1; 10/10/13-15/10/13 V2"
91716460,08/13/2013,"Q2","E4","12/08/13-13/08/13 L1"
91716460,08/16/2013,"Q2","E4","15/08/13-16/08/13 L1"
91750192,06/28/2012,"M3","E4","11/06/12-14/06/12 J1; 14/06/12-28/06/12 V2"
91750192,12/13/2013,"Q2","E4","07/11/12-13/12/13 V2"
91800841,02/28/2014,"Q2","E4","10/07/12-13/07/12 L1; 13/07/12-28/02/14 V2"
91835209,06/12/2012,"Q1","E8","15/01/09-12/06/12 V2"
91855430,07/10/2015,"H5","E8","18/12/13-10/07/15 V2"
91900969,04/30/2012,"P1","E41","13/01/11-16/01/11 L1; 16/01/11-20/01/11 L2; 20/01/11-30/04/12 C1"
92073346,12/11/2013,"R5","E4","29/11/13-11/12/13 J1"
92366141,02/01/2013,"P1","E4","09/08/11-01/02/13 C1"
92447240,11/30/2014,"Q1","E8","09/10/02-16/03/04 C1; 16/03/04-30/11/14 C2"
92490873,06/20/2014,"H5","E8","22/08/12-20/06/14 V2"
92492465,01/04/2014,"H5","E8","27/08/13-04/01/14 V2"
92736737,01/06/2017,"U3","E4B","07/07/16-08/07/16 L1; 08/07/16-06/01/17 C1"
93061617,03/31/2015,"U6","E4A","30/03/15-31/03/15 L1"
93061617,06/03/2016,"U6","E4B","16/07/15-17/07/15 L1; 17/07/15-16/09/15 V2; 16/09/15-03/06/16 C1"
93098995,06/19/2012,"A4","E11","24/07/09-18/08/09 V2; 18/08/09-16/02/11 C1; 16/02/11-19/06/12 E1"
93125740,10/26/2015,"U6","E44","02/02/15-26/10/15 V2"
93180249,02/03/2016,"Q2","E8","02/02/10-04/05/12 V2; 04/05/12-03/02/16 C2"
93245441,11/30/2016,"A6","E12","08/08/14-19/02/15 C1; 19/02/15-30/11/16 E1"
93642349,10/30/2016,"H5","E8","20/01/14-23/01/14 L1; 23/01/14-30/10/16 V2"
93812667,04/12/2012,"Q1","E4","25/01/11-12/04/12 V2"
93905648,04/12/2013,"A6","E11","26/08/11-23/02/12 C1; 23/02/12-12/04/13 E1"
94008591,11/02/2012,"K1","E9","07/08/12-02/11/12 J1"
94008591,09/22/2014,"H5","E9","07/08/14-22/09/14 V2"
94085965,02/12/2016,"H5","E4A","22/01/16-12/02/16 J1"
94092033,07/02/2016,"H5","E8","15/10/07-04/04/08 V2; 04/04/08-04/12/09 C1; 04/12/09-02/07/16 C2"
94102234,12/07/2012,"Q1","E4","16/08/12-07/12/12 V2"
94175897,02/10/2015,"H5","E8","13/05/13-10/02/15 V2"
94416728,12/17/2015,"H5","E8","24/03/15-17/12/15 V2"
94512135,08/05/2015,"H5","E8","10/04/15-05/08/15 V2"
94723861,12/16/2015,"U6","E4A","15/12/15-16/12/15 V2"
94737278,02/21/2014,"Q1","E4","17/02/14-21/02/14 V2"
94768590,03/11/2015,"H5","E8","19/12/14-11/03/15 V2"
94863806,12/18/2015,"U6","E4A","13/09/15-15/09/15 L1; 15/09/15-18/12/15 V2"
94906822,11/06/2014,"K2","E8","28/08/01-12/01/09 V4; 12/01/09-06/11/14 V2"
94982558,11/10/2013,"Q2","E8","06/08/07-09/08/07 L1; 09/08/07-21/12/07 V2; 21/12/07-22/10/08 C1; 22/10/08-10/11/13 C2"
95247803,12/03/2015,"Q2","E8","26/04/02-28/05/04 C1; 28/05/04-03/12/15 C2"
95287020,09/03/2013,"P1","E4","08/09/10-10/09/10 L1; 10/09/10-23/09/10 V2; 23/09/10-03/09/13 C1"
95399903,09/14/2015,"A6","E11","04/02/14-03/05/15 V2; 03/05/15-14/09/15 E1"
95421979,04/10/2012,"Q2","E4","03/03/12-06/03/12 L1; 06/03/12-10/04/12 V2"
95431101,05/12/2014,"Q1","E4A","31/05/13-12/05/14 V2"
95445302,10/15/2013,"Q2","E4","26/11/12-10/10/13 C1; 10/10/13-15/10/13 V2"
95530520,10/24/2012,"P1","E4","26/07/11-29/07/11 L1; 29/07/11-24/10/12 C1"
95543508,09/10/2015,"Q2","E8","01/07/04-15/03/05 C1; 15/03/05-10/09/15 C2"
95617196,08/31/2016,"U3","E4A","19/05/16-31/08/16 V2"
95701083,09/18/2014,"R2","E8","22/01/09-27/10/10 C1; 27/10/10-18/09/14 C2"
95830364,07/24/2014,"Q2","E44","20/09/13-04/06/14 C1; 04/06/14-24/07/14 V2"
95918610,09/16/2013,"Q1","E43","06/02/13-16/09/13 C1"
96115061,05/19/2016,"H5","E8","14/10/11-01/05/13 V2; 01/05/13-24/06/13 C1; 24/06/13-19/05/16 C2"
96240328,10/12/2012,"R3","E4","21/12/11-06/07/12 V2; 06/07/12-12/10/12 C1"
96240328,02/17/2014,"Q2","E44","04/02/13-07/02/13 L1; 07/02/13-17/02/14 V2"
96523377,01/15/2016,"U6","E4B","06/01/16-08/01/16 L1; 08/01/16-15/01/16 V2"
96582092,02/25/2016,"U6","E4A","14/02/16-25/02/16 L1"
96745602,07/08/2016,"U3","E11","08/11/12-12/06/13 C1; 12/06/13-08/07/16 E1"
96886224,05/27/2014,"Q2","E4A","27/01/14-27/05/14 V2"
96955605,06/29/2012,"Q2","E4","03/02/11-29/06/12 V2"
97079685,07/04/2013,"A4","E11","07/12/11-17/05/12 C1; 17/05/12-04/07/13 E1"
97145156,03/05/2013,"Q1","E44","26/05/11-05/03/13 C1"
97204975,01/31/2017,"U6","E4B","29/01/17-31/01/17 L1"
97431242,02/22/2017,"U6","E4B","08/02/17-22/02/17 V2"
97474936,08/18/2014,"Q1","E43","11/10/12-18/08/14 V2"
97553574,11/19/2014,"U3","E44","30/04/14-19/11/14 V2"
97734716,08/23/2014,"H5","E6","09/12/13-23/08/14 J1"
97826989,07/01/2016,"U6","E4A","10/05/16-01/07/16 L1"
97957309,01/16/2014,"R5","E4","13/12/13-16/01/14 J1"
97983203,04/14/2014,"U6","E4","13/04/14-14/04/14 V2"
98161133,03/19/2014,"Q2","E4","18/03/14-19/03/14 L1"
98180250,10/20/2016,"H5","E4A","27/09/16-20/10/16 L1"
98205370,10/24/2015,"Q2","E8","19/05/06-31/03/08 C1; 31/03/08-24/10/15 C2"
98235967,10/28/2015,"Q1","E43","31/12/09-14/01/10 V2; 14/01/10-20/10/11 C1; 20/10/11-28/10/15 C2"
98253405,01/01/2013,"H5","E8","31/03/09-01/01/13 V2"
98294137,08/16/2013,"Q2","E4","09/08/13-12/08/13 L1; 12/08/13-16/08/13 V2"
98433879,03/19/2014,"Q2","E4","18/03/14-19/03/14 L1"
98444548,03/16/2013,"Q2","E44","26/09/11-27/09/11 L1; 27/09/11-16/03/13 C1"
98546279,10/04/2016,"H5","E13","08/07/16-04/10/16 V2"
98562285,04/16/2016,"H5","E8","05/07/10-02/09/10 V2; 02/09/10-13/07/11 C1; 13/07/11-16/04/16 C2"
98577278,11/30/2013,"Q2","E4","07/06/13-30/11/13 V2"
98577278,10/27/2014,"P1","E4","06/02/14-27/10/14 C1"
98583512,10/27/2012,"H5","E8","20/03/12-27/10/12 V2"
98684811,10/30/2016,"H5","E8","24/05/10-10/05/11 C1; 10/05/11-30/10/16 C2"
98700143,11/20/2014,"H5","E8","02/08/02-20/11/14 C2"
99089791,09/09/2013,"Q2","E44","10/11/11-03/05/12 V2; 03/05/12-09/09/13 C1"
99580823,10/17/2015,"U6","E4B","07/07/15-17/10/15 V2"
99737536,05/16/2016,"U6","E4B","29/02/16-16/05/16 V2"
99854944,01/06/2014,"H5","E8","01/11/09-17/11/09 V2; 17/11/09-07/03/11 C1; 07/03/11-06/01/14 C2"
99930880,11/05/2014,"U6","E4","04/11/14-05/11/14 L1"
99930880,01/18/2017,"H5","E8","08/11/16-18/01/17 V2"
99968150,06/13/2012,"K2","E3","01/12/11-02/12/11 L1; 02/12/11-23/12/11 V2; 23/12/11-13/06/12 C1"
