"New ID","Placement start","Placement type","Legal status"
46167,05/15/2014,"U6","C1"
163054,07/26/2016,"U6","V2"
178188,12/12/2016,"U6","C1"
200159,03/20/2013,"Q2","C1"
280937,06/29/2014,"U6","L1"
354654,07/28/2012,"Q2","L1"
526031,09/09/2015,"U6","L1"
567068,05/20/2013,"Q2","L1"
612372,06/28/2016,"U6","L1"
929524,05/09/2014,"U6","V2"
931546,03/27/2017,"K1","J1"
956496,06/24/2014,"U6","V2"
1128698,09/06/2016,"U3","L1"
1128698,09/10/2016,"U3","V2"
1130867,05/30/2014,"U6","L1"
1149777,03/04/2013,"Q2","V2"
1195551,12/21/2014,"U6","L1"
1221871,04/06/2016,"H5","V2"
1744440,06/15/2015,"U6","L1"
1744440,09/16/2015,"P1","J1"
1744440,11/30/2015,"K2","V2"
1781942,01/18/2013,"H5","V2"
1781942,07/19/2013,"H5","V2"
1951601,12/07/2016,"U6","L1"
1983778,02/05/2014,"Q2","V2"
2174557,05/12/2014,"U6","V2"
2348252,07/30/2013,"Q2","V2"
2385607,06/02/2016,"U6","L1"
2572169,05/17/2013,"Q2","V2"
2651289,08/23/2012,"Q1","C1"
2793740,09/02/2016,"H5","V2"
2901591,06/25/2016,"K1","J1"
3049592,07/02/2013,"Q2","C1"
3140480,11/28/2013,"Q2","V2"
3241489,02/14/2017,"U6","V2"
3397958,06/02/2014,"U6","L1"
3435224,08/06/2015,"U6","L1"
3437648,10/24/2014,"H5","V2"
3672016,06/26/2015,"U6","V2"
3698984,08/17/2015,"U3","V2"
3907462,04/11/2014,"P2","V2"
4165640,09/18/2014,"U6","V2"
4441865,06/29/2016,"U6","C1"
4516026,09/13/2015,"U6","L1"
4542489,09/15/2012,"K1","J1"
4542489,03/11/2014,"H5","J1"
4547905,06/08/2012,"Q2","L1"
4771625,11/12/2012,"Q2","V2"
4895060,09/12/2016,"U6","V2"
4899807,04/15/2016,"U6","V2"
5152296,03/01/2013,"Q2","L1"
5242459,02/24/2015,"U6","V2"
5306379,05/22/2012,"Q2","L1"
5436336,09/09/2016,"U6","C1"
5707690,05/04/2012,"P1","C1"
5815849,03/12/2015,"U6","L1"
5863084,05/08/2012,"R2","C1"
5937467,04/15/2016,"R2","C1"
6088039,01/06/2016,"U6","L1"
6466576,09/05/2014,"U3","C1"
6629654,03/07/2016,"H5","V2"
6691549,07/28/2014,"R2","L1"
6838440,06/15/2015,"U6","L1"
6934816,11/26/2015,"H5","V2"
7021622,07/16/2014,"U6","V2"
7238162,08/06/2013,"Q2","C1"
7410721,02/03/2015,"U6","V2"
7466413,02/09/2015,"P1","C2"
7502185,09/17/2014,"U6","V2"
7531226,01/16/2013,"Q2","L1"
7531226,03/18/2013,"Q2","V2"
7531226,11/25/2013,"Q2","V2"
7653333,12/23/2015,"U3","V2"
7688550,11/28/2013,"U6","V2"
7688591,10/27/2014,"H5","V2"
7696192,11/04/2013,"Q2","L1"
7766622,11/15/2012,"Q2","V2"
7954295,03/13/2013,"Q2","V2"
8030360,11/08/2012,"Q2","L1"
8187894,10/29/2013,"Q1","V2"
8187894,04/21/2014,"U3","V2"
8205742,09/11/2014,"U6","L1"
8228348,03/04/2013,"Q2","V2"
8272869,01/19/2015,"U6","L1"
8430962,12/30/2015,"U6","L1"
8441283,09/12/2016,"R2","C1"
8552085,04/10/2015,"U6","V2"
8561684,07/27/2016,"H5","V2"
8942435,01/10/2014,"Q1","V2"
9001288,01/23/2015,"U6","V2"
9084363,10/21/2016,"U6","V2"
9172871,07/06/2012,"K1","J3"
9172871,01/28/2013,"K1","V2"
9276204,10/27/2015,"U6","V2"
9684708,07/26/2016,"U6","V2"
9737297,04/17/2014,"U6","C1"
9828099,07/09/2014,"K2","J1"
9828099,12/12/2014,"K2","J1"
9828099,05/09/2016,"H5","J1"
9836037,04/21/2015,"H5","V2"
9989814,03/05/2015,"U6","V2"
10026250,10/03/2015,"U6","L1"
10190707,06/01/2015,"U6","L1"
10305190,04/08/2013,"Q2","J1"
10386869,09/03/2012,"Q2","V2"
10445971,03/22/2013,"Q2","V2"
10460731,08/11/2016,"U3","V2"
10577618,02/14/2017,"U6","L1"
10626842,02/16/2017,"U6","C1"
10778020,06/23/2016,"U6","L1"
10781708,01/25/2013,"Q2","L1"
10781708,02/11/2016,"U6","L1"
10903667,08/03/2015,"U6","V2"
10990482,04/17/2015,"H5","J1"
10990482,05/13/2016,"H5","V2"
11020631,05/02/2013,"K1","J1"
11020631,11/19/2013,"R5","J1"
11020631,09/20/2014,"R5","J1"
11157191,06/10/2016,"U6","C1"
11164415,10/06/2014,"U6","V2"
11179795,12/31/2015,"H5","J1"
11179795,06/27/2016,"H5","J1"
11351223,11/16/2015,"H5","V2"
11549960,01/13/2014,"Q1","V2"
11650482,08/28/2012,"Q1","C1"
11650482,06/02/2016,"U6","L1"
11676702,04/15/2014,"U6","L1"
12079259,10/10/2013,"Q2","J1"
12425799,05/06/2016,"H5","V2"
12565997,05/18/2016,"U6","L1"
12597969,06/01/2012,"Q2","V2"
12597969,06/16/2012,"Q2","L1"
12597969,01/01/2014,"Q2","V2"
12597969,02/24/2015,"U6","V2"
12597969,04/01/2015,"U6","V2"
12766794,10/22/2016,"U6","V2"
12905654,06/29/2016,"U6","C1"
13015070,06/16/2012,"K1","J1"
13115683,05/19/2016,"U3","V2"
13237262,02/14/2014,"Q2","C1"
13266179,10/27/2016,"H5","V2"
13304914,06/14/2016,"R2","L2"
13639623,04/22/2014,"R2","C1"
13724198,06/15/2015,"P1","J1"
13861855,04/14/2015,"H5","V2"
13955089,04/07/2016,"U3","V2"
14057943,02/10/2016,"U6","V2"
14062662,09/15/2016,"U6","V2"
14263418,05/08/2014,"U6","V2"
14373788,06/23/2014,"P1","C2"
14526835,10/17/2012,"Q2","C1"
14567013,01/16/2014,"Q2","L1"
14567013,05/08/2014,"U6","V2"
14567013,06/24/2014,"U6","V2"
14567013,12/01/2014,"U6","V2"
14567013,12/05/2015,"U6","V2"
14567013,03/16/2016,"H5","V2"
14576639,05/03/2012,"Q2","V2"
14826830,11/16/2016,"K2","J1"
14915361,12/24/2015,"U6","L1"
14944631,01/27/2015,"H5","V2"
15143296,05/05/2016,"U6","C1"
15288781,03/25/2014,"K1","J1"
15337913,10/14/2013,"Q2","V2"
15414241,09/05/2014,"U3","C1"
15496758,03/11/2013,"H5","V2"
15651254,10/07/2013,"Q2","V2"
15719121,06/08/2016,"U6","V2"
15861010,06/14/2013,"K2","V2"
15975467,10/09/2013,"K1","J1"
16007881,05/18/2016,"U6","L1"
16009972,12/30/2015,"U6","L1"
16231252,03/07/2014,"R5","J1"
16459169,12/04/2013,"Q2","V2"
16513393,10/18/2012,"Q1","V2"
16678923,10/14/2013,"Q2","V2"
16816342,08/16/2013,"Q2","C1"
17157095,06/28/2014,"K1","J1"
17213107,10/31/2016,"R5","J1"
17355852,10/07/2013,"H5","V2"
17522930,03/18/2014,"Q2","L1"
17676271,04/02/2014,"U6","L1"
17902988,01/02/2013,"H5","V2"
17976096,09/25/2015,"U6","J1"
18202704,05/01/2015,"U3","V2"
18392070,08/03/2015,"U6","V2"
18909097,10/22/2016,"R5","J1"
19020675,06/06/2014,"H5","V2"
19020675,01/07/2015,"H5","V2"
19066600,12/03/2013,"Q2","L1"
19311791,12/02/2016,"U6","V2"
19360264,04/02/2012,"K2","V2"
19485009,12/19/2013,"R2","C1"
19560636,12/14/2014,"U6","L1"
19560636,03/02/2015,"U6","V2"
19560636,05/01/2015,"U6","C1"
19682995,11/01/2016,"U6","V2"
19721998,04/19/2013,"Q2","C1"
20091526,12/17/2012,"H5","V2"
20166185,12/07/2012,"Q1","V2"
20166185,07/11/2013,"Q2","V2"
20166185,12/05/2013,"Q2","V2"
20444560,01/07/2016,"U6","V2"
20661268,07/28/2014,"U6","L1"
20728743,07/11/2013,"Q1","C1"
20906263,11/07/2016,"H5","V2"
21100065,04/30/2014,"R2","V2"
21177800,05/10/2016,"U6","L1"
21242919,07/08/2013,"Q2","C1"
21269680,07/18/2012,"K1","J1"
21269680,10/10/2013,"K1","J1"
21367529,01/09/2014,"H5","V2"
21413541,11/27/2012,"Q2","C1"
21647111,03/25/2013,"Q2","C1"
21702719,10/25/2013,"Q2","C1"
21846517,11/19/2012,"H5","V2"
21863309,01/16/2014,"H5","J1"
21930639,04/30/2014,"R2","V2"
22002841,05/16/2016,"U6","C1"
22202034,12/04/2015,"U6","V2"
22278232,02/21/2013,"K1","J1"
22340473,05/30/2014,"U6","L1"
22483009,12/04/2012,"Q2","C1"
22576705,06/02/2015,"H5","V2"
22606995,02/06/2014,"H5","V2"
22661966,04/24/2012,"Q1","V2"
22796482,03/03/2014,"R2","C1"
22842375,06/11/2014,"U6","L1"
22877654,08/06/2012,"H5","V2"
22917623,08/15/2013,"P2","V2"
22924378,03/12/2014,"Q2","L1"
22939242,10/11/2013,"Q2","L1"
23028310,01/14/2015,"U6","V2"
23051478,06/07/2013,"H5","V2"
23228478,06/25/2012,"Q2","L1"
23245683,09/30/2013,"Q2","V2"
23341860,08/08/2014,"U3","V2"
23350290,01/16/2015,"U6","V2"
23591647,01/23/2014,"Q2","L1"
23729411,04/14/2013,"Q2","L1"
23748229,05/15/2014,"H5","V2"
23897744,08/15/2016,"U6","V2"
23947511,08/11/2014,"U3","C1"
23999963,06/15/2015,"P1","J1"
24028992,07/08/2015,"R2","C1"
24579132,01/16/2015,"H5","V2"
24582472,09/03/2014,"U6","C1"
24582932,03/03/2015,"K2","C2"
24586379,03/30/2016,"K1","J1"
24586379,03/30/2017,"K1","J1"
24929385,03/29/2017,"U6","V2"
24936352,05/29/2015,"K1","J1"
24985128,05/23/2012,"R2","L1"
25084745,07/12/2013,"Q2","L1"
25183818,08/06/2014,"H5","V2"
25194683,03/14/2016,"H5","V2"
25194683,08/19/2016,"H5","V2"
25386833,03/20/2015,"U6","V2"
25512508,12/17/2013,"R3","V2"
25512667,03/19/2014,"K1","J1"
25558061,01/20/2013,"Q2","L1"
25735980,10/09/2014,"H5","V2"
25794628,06/09/2016,"U6","V2"
25809574,03/11/2015,"H5","V2"
25965657,11/02/2016,"R2","C1"
26223279,06/12/2014,"U6","V2"
26225182,12/17/2016,"H5","J1"
26418531,07/05/2013,"Q2","L1"
26579089,02/28/2014,"Q2","V2"
26590349,07/31/2013,"Q2","V2"
26617534,07/05/2016,"K2","V2"
26656714,07/17/2012,"R2","L1"
26782858,12/04/2013,"Q2","C1"
27176958,06/29/2014,"U6","L1"
27313394,07/22/2016,"U6","V2"
27638736,11/28/2013,"Q2","L2"
27796449,06/20/2013,"R5","J1"
27923519,11/02/2015,"U6","V2"
28001311,09/22/2016,"P1","J1"
28001311,02/06/2017,"H5","V2"
28088190,07/11/2016,"U6","V2"
28199285,06/08/2012,"Q2","L1"
28343295,05/15/2012,"Q2","V2"
28498708,05/29/2014,"U6","C1"
28514735,03/24/2014,"H5","V2"
28566300,10/08/2015,"R2","L1"
28654302,11/16/2012,"Q1","V2"
28654302,12/24/2013,"Q2","C1"
28657805,08/11/2014,"U6","L1"
28716930,05/08/2015,"U6","V2"
28716930,08/19/2015,"U6","L1"
28768500,11/27/2012,"Q2","V2"
28990861,09/13/2015,"U6","L1"
28994056,09/10/2015,"U6","L1"
29012015,04/14/2015,"U6","V2"
29266917,06/04/2012,"Q2","L1"
29266917,04/24/2013,"Q2","L1"
29279001,08/26/2014,"U6","V2"
29539027,08/26/2015,"H5","C1"
29548895,01/07/2013,"Q2","V2"
29659884,11/17/2016,"U6","C1"
29663058,10/18/2016,"U6","V2"
29670292,12/04/2013,"Q2","C1"
29757940,10/27/2016,"U6","V2"
29769512,12/11/2015,"U6","L1"
29773967,09/17/2014,"U6","V2"
29817998,11/11/2016,"U6","C1"
29953614,11/08/2012,"Q2","L1"
30293239,10/17/2012,"Q2","C1"
30431501,11/15/2013,"H5","V2"
30514826,11/17/2016,"U6","C1"
30822697,09/13/2013,"Q2","V2"
30822697,08/27/2014,"H5","V2"
30867448,03/14/2014,"Q2","L1"
30867659,06/11/2014,"U6","L1"
31054940,06/15/2016,"U3","V2"
31101641,02/27/2015,"U6","V2"
31339776,05/11/2012,"R2","C1"
31339776,05/24/2013,"Q2","C1"
31658578,10/27/2016,"H5","V2"
31811389,07/14/2016,"U6","V2"
31927027,02/05/2014,"Q2","C1"
32039419,09/30/2016,"U6","L1"
32039419,11/04/2016,"U6","V2"
32248759,01/28/2016,"U6","C1"
32262028,05/09/2016,"U6","V2"
32317745,07/18/2013,"H5","V2"
32348943,12/23/2014,"H5","V2"
32421340,04/24/2014,"U6","L1"
32487478,12/07/2012,"K2","V2"
32694659,02/14/2013,"Q2","C1"
32726834,09/29/2016,"U6","V2"
32731614,02/09/2017,"U3","V2"
32771204,09/10/2012,"M3","V2"
33027443,06/22/2015,"H5","V2"
33149463,06/12/2015,"U6","V2"
33149463,03/08/2016,"H5","V2"
33149463,11/14/2016,"H5","V2"
33149463,02/21/2017,"H5","V2"
33270510,03/31/2015,"H5","V2"
33270510,03/07/2016,"H5","V2"
33333339,10/14/2016,"R2","C1"
33363668,09/15/2016,"U6","V2"
33364879,04/30/2014,"U3","V2"
33919680,07/02/2014,"U6","V2"
33941092,01/31/2014,"Q2","L2"
33965023,05/24/2012,"Q2","C1"
34046646,07/29/2013,"Q1","V2"
34154998,12/12/2013,"Q2","V2"
34208567,04/29/2013,"Q1","V2"
34275629,08/13/2015,"U6","L1"
34361390,01/08/2016,"U6","L1"
34361390,11/14/2016,"U6","V2"
34386740,06/14/2016,"H5","V2"
34432329,01/31/2013,"H5","V2"
34485297,02/07/2013,"R2","C1"
34488092,04/27/2012,"Q2","C1"
34653207,07/11/2013,"Q2","L1"
34696334,07/03/2015,"R5","J1"
34851963,04/13/2015,"H5","V2"
34860281,01/25/2013,"Q2","L1"
34860281,02/10/2016,"U6","L1"
35022391,08/05/2016,"K1","J1"
35038260,07/12/2012,"Q2","C1"
35226435,01/29/2014,"Q2","V2"
35350561,10/17/2012,"Q2","C1"
35365109,06/28/2016,"H5","V2"
35446873,11/13/2012,"Q2","C1"
35535338,11/18/2016,"U6","L1"
35535338,02/03/2017,"H5","V2"
35712414,10/11/2013,"Q2","L1"
35753451,12/09/2015,"U6","C1"
35770048,04/11/2012,"Q2","V2"
35791466,06/05/2016,"U6","L1"
35822866,04/22/2013,"Q2","V2"
35840679,02/24/2017,"K1","J1"
35941391,10/15/2014,"U6","L1"
35998819,04/19/2013,"H5","V2"
36020671,11/07/2013,"H5","V2"
36020671,01/16/2014,"H5","V2"
36210022,04/30/2014,"U3","V2"
36390836,05/31/2014,"K1","J1"
36407241,05/04/2013,"Q2","V2"
36716686,02/28/2013,"H5","V2"
36912392,09/09/2013,"Q1","V2"
36941241,02/05/2014,"Q2","V2"
36953134,01/06/2017,"U6","C1"
37016944,01/06/2013,"Q2","L1"
37016944,04/01/2015,"U6","V2"
37043732,10/02/2013,"R5","J1"
37138218,10/21/2014,"U6","V2"
37408826,10/31/2013,"H5","V2"
37465385,12/19/2013,"Q2","C1"
37504916,08/28/2015,"U6","V2"
37536554,05/12/2014,"U6","L1"
37604928,04/13/2016,"U6","V2"
37640492,07/05/2013,"Q2","L1"
38013625,03/22/2013,"Q2","V2"
38141634,11/02/2012,"Q2","V2"
38141634,11/08/2012,"Q2","V2"
38198017,11/05/2013,"Q2","C1"
38288160,01/30/2017,"U6","C1"
38395931,12/13/2016,"U6","V2"
38454618,05/10/2016,"U6","L1"
38488533,04/26/2014,"K1","J1"
38533529,08/19/2014,"U6","L1"
38598999,01/30/2013,"H5","V2"
38802887,02/17/2014,"Q1","V2"
39252633,07/08/2016,"U6","L1"
39372300,10/17/2016,"U6","V2"
39560096,01/13/2014,"K2","V2"
39613632,03/26/2013,"Q2","C1"
39792075,08/12/2016,"U6","V2"
39808835,05/01/2015,"U3","V2"
39884339,05/27/2013,"Q2","V2"
40188749,01/20/2013,"Q2","L1"
40203463,01/19/2013,"Q2","L1"
40323661,04/27/2016,"U6","C1"
40517935,02/21/2017,"U6","C1"
40607286,06/26/2015,"H5","V2"
40760832,05/31/2013,"Q1","V2"
40977951,06/30/2015,"H5","V2"
41097215,10/29/2014,"K1","J1"
41204286,03/27/2017,"H5","V2"
41299317,02/10/2016,"U6","L1"
41299317,03/29/2017,"U6","L1"
41381637,02/23/2017,"H5","V2"
41480807,05/30/2014,"U6","L1"
41498557,08/02/2016,"H5","J1"
41498557,01/12/2017,"H5","V2"
41560557,01/11/2014,"Q2","L1"
41560557,03/05/2016,"U6","L1"
41560751,08/11/2016,"U3","V2"
41674375,06/08/2012,"H5","V2"
41701008,03/24/2017,"H5","V2"
41708406,11/12/2016,"K2","J1"
41735076,10/17/2013,"R5","J1"
41837779,11/13/2015,"U6","V2"
41909969,11/12/2014,"R2","V2"
41999629,07/03/2012,"Q2","V2"
42032397,07/31/2013,"Q2","V2"
42065865,02/05/2013,"K2","V2"
42141840,12/04/2013,"Q2","C1"
42198119,07/14/2016,"K1","J1"
42220710,11/27/2012,"Q2","L1"
42287823,07/17/2015,"R2","C1"
42289135,03/18/2014,"H5","V2"
42310619,07/27/2015,"U6","V2"
42602383,11/11/2013,"Q1","V2"
42731652,04/12/2012,"Q2","C1"
42761526,08/21/2014,"U3","V2"
42855944,06/26/2015,"U6","V2"
43079488,05/20/2013,"Q2","L1"
43118437,06/26/2015,"U6","V2"
43171819,06/30/2014,"U6","L1"
43171819,12/07/2016,"U3","V2"
43236052,06/02/2014,"U6","L1"
43326347,02/16/2015,"U6","L1"
43332342,05/11/2016,"H5","V2"
43688435,12/31/2014,"U6","L1"
43880929,08/22/2013,"Q1","V2"
44099190,11/26/2012,"Q2","C1"
44174133,05/14/2016,"U6","L1"
44296395,02/04/2017,"P1","J1"
44335174,06/20/2016,"U6","L1"
44351034,04/14/2015,"U6","V2"
44363580,06/23/2015,"U6","V2"
44622192,12/03/2013,"Q2","L1"
44657951,05/10/2016,"U6","L1"
44665982,12/09/2015,"U6","C1"
44670432,06/05/2013,"H5","V2"
44845521,06/26/2012,"Q2","C1"
44868994,03/26/2013,"Q2","C1"
44963593,02/11/2014,"H5","V2"
45129012,05/01/2015,"U6","L1"
45221659,12/22/2014,"H5","V2"
45298099,06/30/2014,"U6","L1"
45298099,12/07/2016,"U3","V2"
45356393,06/14/2016,"R2","C1"
45408152,06/11/2012,"R3","V2"
45453354,04/13/2012,"Q2","L1"
45492061,04/10/2012,"H5","V2"
45529025,04/16/2014,"U6","V2"
45529025,06/01/2014,"U6","V2"
45533808,05/08/2015,"U6","V2"
45568246,12/09/2014,"R2","C1"
45719422,10/30/2013,"Q2","V2"
45748349,11/28/2013,"Q2","C1"
45882103,04/15/2016,"U3","V2"
45907849,03/29/2014,"K1","J1"
46085760,03/01/2013,"K2","L1"
46088412,09/28/2015,"H5","V2"
46100968,11/07/2013,"Q2","C1"
46181304,12/12/2016,"U6","V2"
46290516,02/17/2015,"H5","V2"
46356794,12/01/2016,"U6","V2"
46501629,02/23/2013,"Q2","V2"
46596665,05/10/2014,"U6","V2"
46875820,01/13/2016,"U6","V2"
47086230,02/07/2013,"H5","V2"
47088795,06/13/2014,"U6","L1"
47092346,01/29/2017,"U6","L1"
47238301,11/05/2015,"H5","V2"
47248381,01/26/2015,"U6","L1"
47346388,09/12/2014,"U6","L1"
47478658,10/06/2015,"U6","V2"
47502510,03/18/2014,"Q2","L1"
47587596,11/14/2015,"U6","L1"
47587596,03/17/2016,"H5","V2"
47605923,05/16/2012,"Q2","C1"
47723771,11/26/2012,"Q2","C1"
47729627,08/11/2016,"U3","V2"
47836559,04/02/2012,"Q1","V2"
48023950,10/16/2013,"Q1","L1"
48030504,05/08/2015,"U6","V2"
48030504,08/19/2015,"U6","L1"
48082694,09/20/2013,"Q2","C1"
48113633,10/11/2012,"Q2","L1"
48279560,03/18/2014,"Q2","V2"
48404550,05/16/2016,"U6","L1"
48506524,07/27/2013,"R5","J1"
48544560,08/27/2015,"K2","J1"
48658483,02/08/2016,"K2","V2"
48683114,07/08/2016,"U6","L1"
48700245,10/30/2013,"Q2","L1"
48713456,06/13/2014,"U3","V2"
48725312,01/21/2015,"U6","L1"
48886657,07/02/2014,"U6","L1"
49037080,04/30/2013,"H5","V2"
49170698,10/26/2013,"Q2","L2"
49192415,12/11/2013,"Q2","L1"
49200141,07/08/2016,"U6","L1"
49234849,03/22/2013,"K2","V2"
49234849,09/23/2013,"K2","V2"
49250720,04/27/2012,"Q2","C1"
49838438,05/05/2016,"U6","C1"
49890262,07/20/2012,"R2","C1"
49894583,01/28/2014,"Q2","V2"
50307300,12/12/2013,"R5","J1"
50310410,10/10/2012,"H5","V2"
50364092,10/19/2016,"U6","V2"
50488603,07/24/2015,"U3","V2"
50495602,05/04/2012,"P1","C1"
50590251,10/27/2016,"U6","V2"
50667419,05/08/2015,"U6","L1"
50909847,09/05/2016,"H5","V2"
51128592,08/05/2012,"Q2","V2"
51191341,12/12/2014,"U6","V2"
51197542,09/07/2012,"K2","J1"
51364167,01/11/2017,"U6","V2"
51392042,11/10/2016,"R2","C1"
51447992,12/20/2016,"H5","V2"
51474567,08/06/2013,"Q2","V2"
51567615,06/23/2015,"R2","C1"
51576560,08/17/2016,"R3","C1"
51613045,07/18/2014,"U6","J1"
51660123,01/16/2017,"U6","L1"
51769584,04/19/2012,"H5","V2"
51859588,07/21/2012,"Q1","V2"
52005630,11/19/2013,"H5","V2"
52028749,07/15/2016,"U6","L1"
52072385,01/03/2014,"R2","C1"
52197247,04/25/2013,"H5","J1"
52264987,09/11/2015,"H5","V2"
52405764,10/14/2012,"Q2","V2"
52623093,05/23/2016,"U6","L1"
52989285,09/03/2015,"U6","V2"
53032319,04/13/2015,"H5","V2"
53260039,01/06/2014,"Q2","V2"
53397070,04/24/2014,"U6","V2"
53427816,11/30/2016,"U3","V2"
53475568,04/29/2016,"U6","C1"
53475568,01/12/2017,"U6","V2"
53568869,09/13/2015,"U6","L1"
53591509,09/23/2014,"H5","V2"
53615947,10/03/2014,"U6","L1"
53664920,10/29/2013,"Q2","C1"
53882409,10/11/2013,"Q2","L1"
53962709,02/16/2017,"U6","C1"
54053305,01/13/2016,"U6","L1"
54076803,01/07/2013,"R5","J1"
54080817,06/29/2012,"Q2","L2"
54151304,05/01/2015,"U3","V2"
54194186,05/29/2012,"Q2","L1"
54435135,12/19/2013,"Q2","C1"
54689839,05/12/2012,"K2","J1"
54689839,12/23/2013,"H5","V2"
54778349,07/17/2013,"Q2","L1"
54865680,09/26/2014,"U3","V2"
54999754,03/31/2017,"H5","V2"
55045060,06/16/2015,"K2","V2"
55190768,01/22/2014,"Q2","C1"
55220624,09/27/2013,"H5","V2"
55223568,02/19/2014,"Q2","V2"
55286073,05/20/2014,"U6","L1"
55312158,11/07/2016,"R2","C1"
55449040,03/04/2013,"Q2","L1"
55506199,05/02/2013,"Q2","V2"
55519506,02/23/2015,"K2","V2"
55625682,01/17/2017,"U6","V2"
56136437,01/11/2017,"K2","L1"
56248697,05/15/2014,"U6","C1"
56360779,09/03/2014,"U6","C1"
56432886,03/23/2016,"U6","C1"
56487556,11/17/2014,"U6","V2"
56645289,12/04/2013,"Q2","C1"
56823404,01/16/2014,"H5","V2"
57191059,10/04/2013,"Q2","V2"
57191059,01/27/2015,"H5","V2"
57197314,12/11/2013,"Q2","L1"
57279364,06/13/2013,"K2","V2"
57350731,07/30/2014,"U6","V2"
57393313,12/19/2015,"R2","L1"
57582068,07/05/2013,"Q2","L1"
57652333,12/21/2012,"Q2","C1"
57664983,06/27/2014,"U6","L1"
57664983,10/17/2014,"U6","V2"
57980694,01/27/2016,"U6","V2"
58003314,05/19/2015,"K1","J1"
58190993,09/11/2014,"U6","L1"
58430172,08/01/2016,"U6","V2"
58432484,06/09/2015,"U6","L1"
58558473,09/04/2015,"U6","V2"
58904529,12/20/2012,"Q1","V2"
59142169,05/14/2013,"Q2","V2"
59213162,06/06/2014,"U6","V2"
59376784,03/18/2014,"R5","J1"
59376784,07/28/2015,"H5","V2"
59416022,12/11/2015,"U6","L1"
59451634,01/24/2016,"U3","L1"
59451634,04/29/2016,"U6","V2"
59693702,09/25/2014,"U6","C1"
59695507,08/02/2012,"Q2","L1"
59719708,08/05/2015,"U6","C1"
59736194,06/27/2014,"U6","L1"
59736194,10/17/2014,"U6","V2"
59891386,05/07/2013,"Q2","L1"
60052811,12/02/2014,"U6","V2"
60211657,03/19/2013,"H5","V2"
60459188,08/02/2012,"Q2","L1"
60459446,04/11/2014,"P1","J1"
60459446,09/03/2014,"K1","J1"
60498451,12/12/2013,"R5","J1"
60498451,05/15/2014,"K1","J1"
60565552,06/21/2012,"R3","C1"
61003691,10/28/2013,"K2","V2"
61004580,06/24/2014,"U6","L1"
61112833,01/08/2014,"R2","C1"
61112833,05/12/2015,"U6","C1"
61276505,12/20/2013,"R2","C1"
61300636,03/02/2016,"U6","L1"
61344656,08/24/2013,"Q2","L1"
61344656,07/21/2016,"H5","J1"
61563564,01/06/2016,"U6","L1"
61660993,03/02/2016,"U6","L1"
61746448,04/24/2014,"U6","L1"
62062764,11/28/2014,"U6","L1"
62216439,11/27/2015,"U6","L1"
62369905,06/11/2014,"R2","V2"
62369905,06/09/2015,"U6","V2"
62369905,07/08/2015,"U6","V2"
62431598,09/11/2014,"U6","L1"
62481068,05/16/2014,"K2","V2"
62643890,06/23/2015,"U6","V2"
62746411,11/04/2013,"Q2","L1"
62749001,10/10/2013,"H5","V2"
62807823,06/18/2013,"H5","V2"
62849004,02/05/2015,"U6","V2"
62921170,10/16/2015,"H5","V2"
62923365,09/15/2016,"U6","V2"
62955426,09/09/2013,"H5","V2"
63586754,02/09/2017,"U3","V2"
63695066,11/15/2016,"U6","V2"
63723885,06/08/2012,"Q2","L1"
63851927,06/13/2012,"Q2","C1"
64087860,07/14/2014,"K1","J1"
64087860,10/14/2014,"K1","J1"
64129609,09/09/2014,"U6","V2"
64207080,03/07/2016,"K2","V2"
64270192,08/05/2013,"M3","J1"
64283025,05/08/2012,"H5","V2"
64397649,10/17/2016,"U6","V2"
64446990,04/23/2014,"U6","C1"
64619281,05/02/2014,"R2","C1"
65040987,01/16/2015,"H5","V2"
65113781,01/07/2013,"R5","J1"
65184076,07/25/2012,"Q1","V2"
65196763,04/30/2014,"U3","V2"
65268995,09/13/2015,"U6","L1"
65339052,09/29/2012,"Q2","L1"
65339052,02/04/2015,"H5","V2"
66143485,07/31/2013,"Q2","V2"
66337554,03/20/2013,"H5","V2"
66603223,11/29/2012,"H5","V2"
66796920,06/01/2012,"K1","J1"
66796920,02/13/2013,"K2","V2"
66796920,09/06/2013,"H5","V2"
67001119,07/02/2013,"Q2","V2"
67078388,08/08/2014,"U3","V2"
67201579,05/26/2016,"H5","V2"
67245636,02/29/2016,"R2","C1"
67296657,07/02/2012,"Q2","V2"
67434264,05/30/2014,"U6","L1"
67497371,11/19/2015,"U6","L1"
67563898,03/15/2017,"U6","C1"
67624568,06/07/2013,"Q2","V2"
67624568,02/06/2014,"Q2","C1"
67635659,12/29/2012,"Q2","V2"
67635659,02/21/2013,"Q2","L1"
67635659,06/14/2013,"Q2","C1"
67635659,06/11/2014,"U6","V2"
67635659,09/08/2014,"U6","V2"
67635659,09/15/2015,"U6","L1"
67649060,04/30/2013,"H5","V2"
67724138,12/03/2012,"Q2","V2"
67724138,06/16/2013,"Q2","V2"
68047569,01/02/2013,"Q1","L1"
68092407,06/08/2012,"P1","J1"
68092407,12/21/2012,"P1","J1"
68159652,10/03/2014,"U6","L1"
68310823,11/26/2014,"U6","L1"
68310823,12/07/2016,"H5","V2"
68414543,04/15/2016,"U6","C1"
68425500,01/20/2013,"Q2","L1"
68582003,03/24/2015,"U6","V2"
68788414,07/04/2012,"Q2","V2"
68789020,06/19/2016,"U6","L1"
68891832,10/24/2012,"Q2","L1"
68965312,09/18/2014,"R3","V2"
69030175,05/04/2012,"P1","C1"
69032725,09/27/2012,"Q2","L1"
69032725,10/08/2012,"Q1","V2"
69093740,09/14/2016,"U6","C1"
69426935,04/22/2014,"H5","V2"
69717713,11/20/2012,"Q2","L1"
69717713,11/24/2012,"Q2","L1"
70010151,10/23/2013,"Q2","V2"
70489863,02/16/2015,"U6","L1"
70632615,03/24/2015,"R3","C1"
70680165,03/15/2016,"H5","L1"
70763132,11/13/2012,"H5","V2"
70772158,09/15/2016,"U6","V2"
70796439,03/22/2013,"Q2","V2"
70800834,12/14/2015,"U5","V2"
70869019,05/25/2016,"U6","L1"
70925117,09/25/2013,"Q1","V2"
71229771,07/20/2016,"U6","L1"
71241766,03/19/2013,"Q2","V2"
71248034,12/20/2013,"H5","V2"
71349396,04/24/2014,"R5","J1"
71415327,06/11/2016,"P1","J1"
71435348,03/20/2017,"U6","L1"
71739207,11/17/2014,"U6","V2"
71941023,09/09/2014,"U6","V2"
72046618,10/03/2013,"K1","J1"
72046618,12/16/2014,"H5","V2"
72046618,09/02/2015,"H5","V2"
72047112,01/18/2016,"K2","V2"
72179830,03/23/2017,"U6","V2"
72194762,01/25/2013,"Q2","L1"
72194762,02/10/2016,"U6","L1"
72194762,03/29/2017,"U6","V2"
72258278,05/25/2016,"U6","L1"
72282944,08/03/2015,"H5","V2"
72466675,10/06/2013,"Q2","L1"
72493375,12/23/2013,"R3","C1"
72501670,09/02/2012,"K2","V2"
72530751,05/17/2012,"P1","C1"
72542554,09/11/2014,"U6","L1"
72544465,11/30/2015,"U3","V2"
72797242,07/27/2012,"R3","C1"
72870926,05/22/2015,"R2","C1"
72902530,11/16/2012,"R2","C1"
72934742,07/31/2015,"H5","J1"
72934742,12/17/2015,"R5","J1"
73111733,04/02/2014,"U3","L1"
73274159,04/29/2014,"U6","V2"
73314492,11/13/2014,"R2","V2"
73382564,01/19/2013,"Q2","L1"
73902537,07/08/2015,"U6","V2"
73927159,10/03/2012,"Q2","C1"
73985429,10/16/2013,"Q1","L1"
74072851,06/20/2016,"U6","L1"
74111519,08/20/2013,"H5","V2"
74193634,05/17/2013,"Q2","V2"
74257094,05/02/2013,"Q2","L1"
74488803,02/24/2016,"H5","V2"
74530680,05/21/2015,"R2","C1"
74620102,11/27/2014,"U6","V2"
74702264,01/05/2015,"U6","L1"
74782257,09/11/2013,"Q2","V2"
74924749,12/16/2013,"Q1","C1"
75339746,12/23/2015,"U6","L1"
75339746,02/16/2016,"U6","V2"
75459998,03/10/2017,"U6","C1"
75630182,05/18/2016,"U6","L1"
75672331,07/02/2014,"U6","C1"
75714232,06/10/2016,"U6","C1"
75714232,03/07/2017,"U6","C2"
75779781,10/25/2012,"Q1","J1"
75802443,11/01/2012,"R2","C1"
76053134,10/13/2016,"H5","V2"
76127533,03/21/2014,"Q2","V2"
76153632,06/10/2016,"U6","C1"
76283260,08/31/2012,"Q2","L1"
76391495,03/21/2017,"U6","C1"
76671525,12/05/2013,"H5","V2"
76715585,01/14/2014,"Q2","C1"
76848065,02/06/2013,"K1","J1"
76848065,03/11/2013,"Q2","V2"
76848065,11/12/2013,"Q1","V2"
76848065,10/17/2015,"K1","J1"
76860248,05/08/2015,"U6","V2"
76860248,08/19/2015,"U6","L1"
76939222,07/22/2015,"K2","V2"
76974018,03/20/2017,"U6","L1"
77008890,02/08/2013,"Q2","V2"
77034630,09/09/2014,"U6","V2"
77054895,12/28/2016,"U6","V2"
77364090,07/08/2013,"K2","J1"
77364090,06/25/2014,"R5","J1"
77364090,01/29/2016,"H5","V2"
77455173,08/10/2016,"H5","V2"
77558865,11/10/2016,"U6","L2"
77738670,05/24/2015,"U6","L1"
77738670,02/14/2017,"U6","L1"
77818624,01/07/2016,"U6","V2"
77967111,03/04/2013,"Q2","L1"
78336179,07/04/2013,"P1","C1"
78432739,01/07/2016,"U3","V2"
78490135,09/05/2016,"R2","C1"
78570824,03/12/2014,"Q2","L1"
78754462,09/29/2015,"U6","C1"
78856888,08/13/2012,"Q2","V2"
78953055,01/09/2014,"H5","V2"
78995391,06/24/2016,"H5","J1"
78998090,01/16/2014,"Q2","L1"
79075127,11/16/2015,"H5","V2"
79160022,01/29/2016,"H5","V2"
79464220,02/24/2015,"H5","V2"
79719582,10/17/2013,"Q2","L1"
79764535,02/26/2014,"R2","L1"
80063525,10/17/2013,"Q2","L1"
80108209,11/11/2013,"Q1","V2"
80497189,02/24/2013,"Q1","L1"
80536570,08/16/2013,"Q2","L1"
80780290,10/15/2015,"U6","C1"
80895915,01/13/2014,"Q1","V2"
80913534,09/11/2015,"U6","L1"
80943139,11/15/2013,"H5","J1"
80957778,03/27/2014,"H5","V2"
81014637,02/16/2017,"U6","C1"
81149437,01/07/2016,"U6","L1"
81342501,11/09/2016,"U6","L1"
81373000,01/23/2014,"Q2","L1"
81577892,10/18/2012,"Q1","V2"
81672172,05/27/2015,"P1","J1"
81672172,08/28/2015,"P1","J1"
81672172,04/27/2016,"K1","C1"
81672172,11/18/2016,"K2","C2"
81824932,06/02/2012,"K1","J1"
81883210,08/28/2012,"Q2","C1"
82013502,01/27/2013,"K1","J1"
82294884,12/29/2012,"R5","J1"
82313854,11/06/2014,"H5","V2"
82408949,07/09/2016,"U6","L1"
82476077,11/21/2013,"H5","V2"
82592287,03/01/2013,"Q2","L1"
82604472,11/03/2016,"H5","V2"
82751684,01/27/2017,"U6","L1"
82843163,08/31/2012,"Q2","C1"
82942824,05/21/2016,"H5","L1"
82995920,01/25/2015,"U6","L1"
83093689,07/12/2012,"K2","V2"
83186027,01/09/2014,"K1","J1"
83230113,03/01/2013,"Q2","L1"
83269659,09/06/2012,"H5","J1"
83624975,02/22/2017,"U6","C1"
83638075,01/29/2017,"U6","L1"
83681267,04/01/2012,"Q2","L1"
83681267,05/03/2012,"K2","V2"
83892617,09/19/2012,"R3","C1"
83894929,07/03/2014,"U6","L1"
83895490,06/24/2014,"U6","L1"
83895490,10/08/2014,"U6","L1"
83895490,12/15/2014,"U6","L1"
83895490,03/08/2017,"U6","V2"
83913395,08/26/2014,"U6","L1"
83935600,10/26/2012,"Q2","C1"
84094405,10/16/2013,"Q1","C1"
84138462,02/25/2015,"U6","V2"
84357249,02/14/2017,"U6","C1"
84429155,04/15/2014,"U6","L1"
84433304,01/12/2017,"H5","V2"
84505372,07/18/2012,"Q1","V2"
84683436,02/07/2014,"Q2","V2"
84683436,02/14/2014,"Q2","V2"
84826312,09/16/2013,"Q1","C1"
84978126,07/12/2012,"Q2","C1"
85033008,07/30/2013,"R2","C1"
85151407,04/10/2015,"U6","C1"
85165014,08/07/2012,"H5","V2"
85351995,02/07/2014,"Q2","L1"
85532789,11/29/2013,"R5","V2"
85532789,03/07/2014,"R5","J1"
85612977,11/28/2013,"Q2","V2"
85635497,05/02/2013,"Q2","L1"
85747670,08/28/2014,"H5","V2"
85929428,01/10/2014,"Q2","C1"
85984292,06/28/2013,"K1","J1"
86012326,01/08/2016,"H5","V2"
86060393,03/19/2013,"Q1","V2"
86276236,01/22/2014,"Q2","C1"
86596778,03/18/2016,"K2","L1"
86697628,02/25/2014,"K1","J1"
86748136,06/30/2014,"U6","L1"
86748136,12/07/2016,"U3","V2"
86896822,10/24/2013,"Q1","V2"
86896822,04/21/2014,"U3","V2"
86987493,06/28/2012,"Q2","L1"
87062784,04/30/2015,"U6","V2"
87134258,04/12/2016,"U6","V2"
87183523,02/07/2014,"Q1","V2"
87315205,03/19/2013,"H5","V2"
87705639,03/31/2017,"U6","V2"
87807152,10/26/2012,"Q2","C1"
87822614,01/22/2013,"R5","J1"
87838308,02/06/2014,"Q2","V2"
88172430,12/01/2016,"R2","V2"
88252876,09/20/2013,"Q2","L1"
88261734,01/15/2013,"H5","V2"
88285062,03/05/2013,"H5","V2"
88353313,08/31/2016,"U6","V2"
88353313,11/03/2016,"U3","V2"
88452781,03/22/2013,"Q2","V2"
88495515,09/28/2016,"U6","L1"
88803844,10/25/2013,"U6","C1"
89127663,05/21/2016,"U6","V2"
89216247,11/14/2012,"Q2","C1"
89250074,02/17/2016,"U6","C1"
89314432,05/19/2016,"U3","V2"
89317710,04/03/2014,"H5","V2"
89401969,11/13/2014,"H5","V2"
89569314,12/18/2012,"Q2","C1"
89584694,06/11/2014,"U6","L1"
89607042,05/17/2013,"Q2","V2"
89607042,10/11/2013,"K1","V2"
89607042,03/06/2014,"H5","V2"
89676211,03/01/2013,"Q2","L1"
89696985,06/20/2014,"U3","V2"
89819939,08/03/2015,"U6","V2"
89937006,11/19/2013,"Q2","C1"
90088834,09/06/2012,"Q2","C1"
90109639,07/02/2014,"U6","L1"
90365611,05/18/2016,"U6","L1"
90466388,07/09/2016,"U6","L1"
90488193,07/31/2014,"U6","V2"
90488193,09/09/2015,"H5","V2"
90595575,06/24/2014,"U6","V2"
90784589,01/23/2014,"H5","V2"
90784589,03/03/2014,"H5","V2"
91074832,04/14/2015,"H5","V2"
91138815,03/08/2013,"Q2","V2"
91282840,11/18/2016,"H5","V2"
91322151,01/07/2016,"U3","V2"
91336397,11/27/2015,"U6","L1"
91344354,03/19/2013,"Q1","V2"
91350049,03/10/2017,"U6","C1"
91431511,09/02/2015,"H5","V2"
91497256,07/18/2012,"Q1","V2"
91567398,12/21/2014,"U6","L1"
91673014,11/26/2012,"Q2","C1"
91716460,08/12/2013,"Q2","L1"
91716460,08/15/2013,"Q2","L1"
91750192,06/11/2012,"Q2","J1"
91750192,11/07/2012,"K2","V2"
91800841,07/10/2012,"Q2","L1"
91855430,12/18/2013,"H5","V2"
92073346,11/29/2013,"R5","J1"
92490873,08/22/2012,"H5","V2"
92492465,08/27/2013,"H5","V2"
92736737,07/07/2016,"U3","L1"
92932045,03/04/2015,"R3","V2"
93033848,05/29/2014,"U6","C1"
93061617,03/30/2015,"U6","L1"
93061617,07/16/2015,"U6","L1"
93125740,02/02/2015,"U6","V2"
93245441,08/08/2014,"U6","C1"
93642349,01/20/2014,"Q2","L1"
94008591,08/07/2012,"K1","J1"
94008591,08/07/2014,"H5","V2"
94085965,01/22/2016,"H5","J1"
94102234,08/16/2012,"Q1","V2"
94144221,04/11/2016,"U3","V2"
94175897,05/13/2013,"H5","V2"
94332793,03/13/2017,"U6","V2"
94416728,03/24/2015,"H5","V2"
94512135,04/10/2015,"H5","V2"
94540326,10/26/2016,"H5","V2"
94571431,02/16/2017,"U6","C1"
94723861,12/15/2015,"U6","V2"
94737278,02/17/2014,"Q1","V2"
94768590,12/19/2014,"H5","V2"
94785311,04/02/2014,"U6","L1"
94863806,09/13/2015,"U6","L1"
95399903,02/04/2014,"Q2","V2"
95431101,05/31/2013,"Q1","V2"
95445302,11/26/2012,"Q2","C1"
95522284,11/23/2016,"U6","L1"
95617196,05/19/2016,"U3","V2"
95628436,04/06/2013,"Q2","L1"
95830364,09/20/2013,"Q2","C1"
95842814,12/14/2015,"H5","V2"
95918610,02/06/2013,"Q1","C1"
96240328,02/04/2013,"Q2","L1"
96523377,01/06/2016,"U6","L1"
96582092,02/14/2016,"U6","L1"
96582092,07/07/2016,"R2","L1"
96745602,11/08/2012,"R2","C1"
96831508,02/29/2016,"U6","C1"
96886224,01/27/2014,"Q2","V2"
97204975,01/29/2017,"U6","L1"
97419156,06/26/2015,"U6","V2"
97431242,02/08/2017,"U6","V2"
97474936,10/11/2012,"Q1","V2"
97553574,04/30/2014,"U3","V2"
97715878,12/04/2012,"Q2","C1"
97734716,12/09/2013,"R5","J1"
97826989,05/10/2016,"U6","L1"
97957309,12/13/2013,"R5","J1"
97983203,04/13/2014,"U6","V2"
98161133,03/18/2014,"Q2","L1"
98180250,09/27/2016,"H5","L1"
98294137,08/09/2013,"Q2","L1"
98365990,11/27/2012,"Q2","L1"
98433879,03/18/2014,"Q2","L1"
98476006,03/29/2017,"U6","V2"
98546279,07/08/2016,"H5","V2"
98554437,06/08/2016,"U6","V2"
98577278,06/07/2013,"Q2","V2"
98577278,02/06/2014,"Q2","C1"
98772336,12/04/2014,"R2","C1"
99580823,07/07/2015,"U6","V2"
99712457,01/23/2014,"Q2","L1"
99737536,02/29/2016,"U6","V2"
99930880,11/04/2014,"U6","L1"
99930880,11/08/2016,"H5","V2"
